,L1_ITO,L2_ZnO,L3_PbSTBAI,L4_Au,Transmission,Reflection
300.0,0.586312912989,0.338116189674,0.0100568203264,2.10923486785e-08,1.09656418914e-05,0.0655030902765
301.0,0.570573205993,0.353586322504,0.0109900549987,2.49109472111e-08,1.13433698781e-05,0.0648390482233
302.0,0.554580518465,0.36911961873,0.0119854713159,2.93463271034e-08,1.1720945201e-05,0.0643026411979
303.0,0.538519931915,0.384514993931,0.0130409968689,3.45040384474e-08,1.20876512429e-05,0.0639119551294
304.0,0.522140056441,0.400023516548,0.0141667986376,4.04805355376e-08,1.24479687762e-05,0.0636571399238
305.0,0.505878452577,0.415194848061,0.0153517324577,4.74025992034e-08,1.27865722371e-05,0.0635621329292
306.0,0.489392029382,0.430372895827,0.0166101643242,5.53954021345e-08,1.31119321607e-05,0.0636117431398
307.0,0.472717814159,0.445517952648,0.0179444482564,6.46600423702e-08,1.34212198902e-05,0.0638062990568
308.0,0.456403683323,0.460083848797,0.0193341937628,7.52403437422e-08,1.36990364213e-05,0.0641644998408
309.0,0.439926282349,0.474594340708,0.0208052665382,8.74772024685e-08,1.39581878488e-05,0.0646600647392
310.0,0.423562302961,0.488782387612,0.022348142965,1.01472457656e-07,1.4191359302e-05,0.0652928736298
311.0,0.407523210751,0.502449103446,0.0239560090513,1.17531514276e-07,1.43929650392e-05,0.0660571662556
312.0,0.391461769685,0.515943749154,0.0256458831127,1.35887862225e-07,1.45740452184e-05,0.0669338881156
313.0,0.375898233698,0.528760145114,0.02739767275,1.56845775163e-07,1.47215350706e-05,0.067929070057
314.0,0.360470246519,0.541268781199,0.029228599643,1.80680730998e-07,1.48470832066e-05,0.0690173448749
315.0,0.34517927197,0.553472793537,0.0311445774019,2.0795237388e-07,1.49511476084e-05,0.070188197991
316.0,0.33055571204,0.564892244421,0.0331184636622,2.38736588186e-07,1.50231649098e-05,0.0714183179756
317.0,0.316083359352,0.576019740554,0.0351798681397,2.73872395936e-07,1.5077736414e-05,0.0727016803457
318.0,0.302043498861,0.586602987251,0.0373133167893,3.13549428278e-07,1.51110627074e-05,0.0740247724866
319.0,0.28843746348,0.596653115107,0.0395241750498,3.58465389969e-07,1.51241743068e-05,0.075369763724
320.0,0.275034656906,0.606395635519,0.041826897039,4.09274589401e-07,1.51252710575e-05,0.0767272759908
321.0,0.262313392744,0.61539993642,0.0441934326292,4.66608757809e-07,1.51053987225e-05,0.0780776661998
322.0,0.249922404811,0.624001857211,0.046645310273,5.31219937253e-07,1.50751181604e-05,0.0794148213678
323.0,0.237881089989,0.632191181863,0.0491880836355,6.04140448968e-07,1.50349892396e-05,0.0807240053825
324.0,0.226446272582,0.639751372441,0.0518008955424,6.85840733963e-07,1.49826980668e-05,0.0819857908962
325.0,0.21527723419,0.646987248006,0.0545142464,7.78152003913e-07,1.49257905995e-05,0.0832055674619
326.0,0.204627829536,0.653677562226,0.0573083024811,8.81542749516e-07,1.48614103421e-05,0.0843705628041
327.0,0.194473994951,0.65985526084,0.0601835680812,9.97484659003e-07,1.47913169878e-05,0.0854713873256
328.0,0.184580465799,0.66572915694,0.063165543585,1.12740855302e-06,1.47215735508e-05,0.0865089846933
329.0,0.175246092928,0.671044865566,0.0662259006617,1.27288918751e-06,1.46474936098e-05,0.0874672204617
330.0,0.166272151195,0.675974330913,0.0693879835298,1.43565956429e-06,1.45740160049e-05,0.0883495246863
331.0,0.157579754217,0.680587907045,0.0726578484692,1.61800805933e-06,1.45031616142e-05,0.0891583690995
332.0,0.149515138535,0.68458639883,0.0760043853959,1.82066127602e-06,1.44297096622e-05,0.089877826868
333.0,0.141658109201,0.688334193741,0.0794644955383,2.04761521711e-06,1.43617251686e-05,0.0905267921786
334.0,0.134226790529,0.691638003467,0.083025439122,2.30029217204e-06,1.42958431887e-05,0.0910931707466
335.0,0.127139128851,0.694570505781,0.0866932521985,2.58232948991e-06,1.42339624518e-05,0.091580296878
336.0,0.120310901335,0.697198437283,0.0904776950311,2.8959930515e-06,1.41782717457e-05,0.0919958920856
337.0,0.113919598769,0.699372903717,0.0943567313801,3.24500703371e-06,1.4125298333e-05,0.0923333958287
338.0,0.10779276422,0.701228874746,0.0983581271403,3.63289966879e-06,1.40789208627e-05,0.0926025220731
339.0,0.101931924417,0.702767811685,0.102474654005,4.06400145109e-06,1.40386494431e-05,0.0928075072425
340.0,0.0964716057951,0.703866234191,0.106699810876,4.54186424921e-06,1.40028699999e-05,0.0929438044041
341.0,0.0911917260652,0.704705608211,0.111057309171,5.07281547827e-06,1.39747155403e-05,0.093026309022
342.0,0.0862268590033,0.705170244212,0.11553084861,5.66001365207e-06,1.39525538238e-05,0.0930524356068
343.0,0.0815783305382,0.705257018577,0.120115229737,6.31055102633e-06,1.39357861475e-05,0.0930291748104
344.0,0.0770678785293,0.705098913856,0.12484637904,7.03100402838e-06,1.39278064877e-05,0.0929658697641
345.0,0.0728312069745,0.704584972469,0.129701670976,7.82791765025e-06,1.39257799857e-05,0.0928603958831
346.0,0.0688366646227,0.706503638146,0.131307741318,8.48928213333e-06,1.39218941691e-05,0.0933295447376
347.0,0.0650303983178,0.708311350765,0.132906907331,9.20254187862e-06,1.39164136607e-05,0.0937282246306
348.0,0.0615027121474,0.709930572156,0.134490308132,9.96844624246e-06,1.3908261818e-05,0.0940525308569
349.0,0.0581181136986,0.711482794001,0.136067094621,1.07936296708e-05,1.38993762932e-05,0.0943073046734
350.0,0.0549215749475,0.71292722428,0.137635554507,1.16792410953e-05,1.38893231866e-05,0.0944900777015
351.0,0.0519954534763,0.718750961927,0.13450110712,1.22049200529e-05,1.38078590798e-05,0.0947264646979
352.0,0.0491677241302,0.724494709139,0.131461084134,1.27506748387e-05,1.37488701173e-05,0.0948499830513
353.0,0.0465744275142,0.730050413218,0.128492797623,1.33182944197e-05,1.37082755507e-05,0.0948553350745
354.0,0.0440767012694,0.735528267657,0.125612395912,1.39072552473e-05,1.36881684844e-05,0.0947550397384
355.0,0.0417197707727,0.74089600737,0.122810843131,1.45187447554e-05,1.36864510104e-05,0.0945451735299
356.0,0.0395339704668,0.744224856317,0.122566010565,1.54675173587e-05,1.36212054124e-05,0.0936460739283
357.0,0.0374411469214,0.747539829275,0.122321697308,1.64711845063e-05,1.35604245201e-05,0.0926672948861
358.0,0.0354406702004,0.750836363275,0.122071753748,1.7534077615e-05,1.35043358719e-05,0.0916201743627
359.0,0.0336247743107,0.754022804019,0.121812663612,1.86561055893e-05,1.34500822644e-05,0.0905076518708
360.0,0.0318545384956,0.757217424284,0.121558080831,1.98412595668e-05,1.34009219304e-05,0.0893367142079
361.0,0.0302178213779,0.759350591661,0.122756664567,2.1343932709e-05,1.32817994031e-05,0.0876402966623
362.0,0.0286731277437,0.761431394256,0.123947550264,2.29505680382e-05,1.31636732588e-05,0.0859118134951
363.0,0.0272205246005,0.763449308908,0.12513996728,2.46639232455e-05,1.304606729e-05,0.0841524892214
364.0,0.0258600203429,0.765402815034,0.12632225057,2.64937437369e-05,1.29293663124e-05,0.0823754909431
365.0,0.0245448654491,0.767321529021,0.127510397316,2.84414265204e-05,1.28140562339e-05,0.080581952731
366.0,0.0233049364086,0.766430896492,0.132086194275,3.13187573208e-05,1.25683116368e-05,0.0781340857556
367.0,0.022158129477,0.765294737262,0.136783371214,3.44599826074e-05,1.23269769608e-05,0.0757169750871
368.0,0.0210579596142,0.763954202033,0.14160550606,3.78925309281e-05,1.2091709351e-05,0.0733323480532
369.0,0.020051397373,0.762349612762,0.146557008916,4.16359987999e-05,1.18612334361e-05,0.0709884837167
370.0,0.0190915838662,0.760514913281,0.151640801149,4.57254094573e-05,1.16369949024e-05,0.0686953392993
371.0,0.018162249498,0.754601100757,0.161326233991,5.1603383071e-05,1.13204627736e-05,0.0658474919078
372.0,0.0172813122741,0.74798910232,0.171566349635,5.82011147501e-05,1.1036751021e-05,0.0630939979051
373.0,0.0164957090278,0.740612366658,0.182361523523,6.55779471715e-05,1.07872331643e-05,0.0604540356104
374.0,0.0157114017701,0.732489372711,0.193768181408,7.38355610486e-05,1.05757491032e-05,0.0579466328007
375.0,0.0150224868942,0.723525114044,0.205778720806,8.30578190311e-05,1.04028098509e-05,0.0555802176265
376.0,0.0142857421348,0.707440993466,0.224217821748,9.58317667009e-05,1.04043984643e-05,0.0539492064859
377.0,0.0135985287121,0.689563022726,0.244165561547,0.000110473995069,1.05075518986e-05,0.0525519054676
378.0,0.0129603940754,0.669739175234,0.265740005419,0.000127244555483,1.07183079496e-05,0.0514224624085
379.0,0.0123711996534,0.647851755888,0.289037273519,0.000146393444048,1.10435864251e-05,0.050582333909
380.0,0.0118306087501,0.623738781282,0.314192249171,0.000168287609635,1.14899491271e-05,0.0500585832375
381.0,0.0112914362429,0.598578216528,0.339801536628,0.000192376235314,1.20506607649e-05,0.0501243837049
382.0,0.0108013985854,0.571115222984,0.367284535964,0.000219721484247,1.27331334086e-05,0.0505663878494
383.0,0.010360153944,0.541187322578,0.396779900808,0.0002507308167,1.35440646432e-05,0.0514083477886
384.0,0.00992302320555,0.508685542985,0.428405181776,0.000285876673496,1.44889000533e-05,0.0526858864602
385.0,0.00949053205401,0.473418740061,0.462313663395,0.0003256214321,1.5575105577e-05,0.054435867952
386.0,0.00913182916816,0.454867428039,0.479653167823,0.000356480731291,1.60809775795e-05,0.0559750132615
387.0,0.00882168383546,0.435618246875,0.497498693587,0.00038996201845,1.66104370759e-05,0.0576548032472
388.0,0.00851634139327,0.415705659015,0.515870539935,0.000426380899286,1.71620544306e-05,0.0594639167032
389.0,0.00825889853721,0.39506140685,0.534803128746,0.000465956774654,1.77362986909e-05,0.0613928727932
390.0,0.00796317362763,0.373733000219,0.554347677747,0.0005089949057,1.83322776074e-05,0.0634288212225
391.0,0.00776250188107,0.355398595898,0.570779875408,0.000552005866576,1.88193601709e-05,0.0654882015862
392.0,0.00752412183526,0.336596911013,0.58768254632,0.000598479271493,1.93171915125e-05,0.0675786243687
393.0,0.00733323908213,0.317341781165,0.604973894724,0.000648443219007,1.9822212721e-05,0.0696828195978
394.0,0.00718946280193,0.297581772373,0.622718203161,0.00070232614026,2.03346728007e-05,0.0717879008514
395.0,0.00700788505877,0.277391503191,0.640945185206,0.000760353952576,2.08539583332e-05,0.0738742186334
396.0,0.00687621981505,0.263391218956,0.653630854902,0.000815449969348,2.11290249182e-05,0.0752651273321
397.0,0.00674781537056,0.249216653321,0.666576831221,0.000874032081637,2.14041719158e-05,0.0765632638341
398.0,0.00662255293686,0.234835635847,0.679822457029,0.000936718974096,2.16774950546e-05,0.0777609577185
399.0,0.00654241720837,0.220288720842,0.693284165112,0.00100331515265,2.19471533559e-05,0.0788594345316
400.0,0.00642273443653,0.205567294273,0.70707006156,0.00107440534994,2.22148568648e-05,0.0798432895237
401.0,0.00634813703215,0.193738543781,0.718359377738,0.00114565039663,2.23731079092e-05,0.0803859179445
402.0,0.00631813576808,0.181831227092,0.729809197567,0.00122138223106,2.25248709453e-05,0.0807975324706
403.0,0.00624745265956,0.169800295451,0.741541374754,0.00130155497718,2.267669552e-05,0.0810866454634
404.0,0.00617841310322,0.157690134565,0.753466297111,0.00138667368317,2.28228754879e-05,0.0812556586625
405.0,0.00615371760335,0.145432933327,0.765622661523,0.00147670172756,2.29662010977e-05,0.0812910196183
406.0,0.00612892364417,0.139245376514,0.772450124666,0.00156116525761,2.29105641144e-05,0.0805914993548
407.0,0.00610459820632,0.133049644365,0.779362077308,0.00164970861203,2.28559259915e-05,0.0798111155835
408.0,0.00608077534942,0.126815129055,0.786407043995,0.00174319612655,2.28015314997e-05,0.0789310539426
409.0,0.00605730350215,0.120604204139,0.793528698693,0.00184123874949,2.27466485725e-05,0.0779458082678
410.0,0.00603399614294,0.114444792365,0.800678458274,0.00194415885281,2.26890061658e-05,0.0768759053587
411.0,0.00605435817685,0.10842815515,0.807722588942,0.00205141133238,2.2626008141e-05,0.075720860391
412.0,0.00603108655466,0.10240415952,0.814886550945,0.00216428163521,2.25633123122e-05,0.0744913580334
413.0,0.00605152338189,0.0963606290709,0.822080679907,0.00228233044183,2.2499391661e-05,0.0732023378065
414.0,0.0060277610546,0.0903046402904,0.82937279263,0.00240677367149,2.24370436473e-05,0.07186559531
415.0,0.00604761188771,0.084555161217,0.836364083426,0.00253589979795,2.23657113648e-05,0.0704748779596
416.0,0.006066261952,0.0794529837654,0.842777834655,0.00266940517701,2.22764226869e-05,0.0690112380278
417.0,0.00608419034383,0.0746731429797,0.848907452573,0.0028075182488,2.21806911521e-05,0.0675055151635
418.0,0.00610148122141,0.0698841888392,0.855044775826,0.00295208266133,2.20852474566e-05,0.0659953862049
419.0,0.00611793540897,0.0650859744124,0.861183310013,0.0031025045434,2.19919107113e-05,0.0644882837118
420.0,0.00613363239216,0.0601092768745,0.867469912616,0.00326014463585,2.19034311419e-05,0.0630051300505
421.0,0.00614577075964,0.0587273703491,0.870343700112,0.00341083936228,2.17354983851e-05,0.0613505839184
422.0,0.00620163855398,0.0573777495699,0.873080790653,0.00356721835297,2.15697283023e-05,0.0597510331419
423.0,0.00621112969704,0.0559995218517,0.875833139575,0.00372886257659,2.14123887339e-05,0.0582059339112
424.0,0.00621907380245,0.0546559839517,0.87847764156,0.00389660676185,2.12583273297e-05,0.0567294355965
425.0,0.00627071253185,0.0532768076483,0.881020653444,0.00406983841397,2.11087609605e-05,0.0553408792013
426.0,0.00627477283736,0.0528744541251,0.882586343139,0.00424500055843,2.09450895229e-05,0.053998484251
427.0,0.00632237570836,0.0525019873248,0.883976511116,0.00442485155186,2.07860864312e-05,0.0527534882125
428.0,0.0063229836825,0.0520970276408,0.885332990247,0.00461091092969,2.06359484965e-05,0.0516154515519
429.0,0.00636705317112,0.0517213750602,0.886499475248,0.00480116162291,2.04926639492e-05,0.0505904422335
430.0,0.00640931334459,0.0513104365403,0.887575831145,0.00499752636993,2.03565618848e-05,0.0496865360385
431.0,0.00640142190095,0.0509336062076,0.888550118321,0.00519942525571,2.02275865713e-05,0.0488952007284
432.0,0.00643726784678,0.0505189288517,0.889398159632,0.00540744903638,2.01055765452e-05,0.0482180890564
433.0,0.00647151779149,0.0501353361447,0.890096606565,0.00562078528531,1.9991406141e-05,0.0476557628068
434.0,0.00645920956215,0.0497187538041,0.890747724508,0.00584088333164,1.98875138078e-05,0.0472135412806
435.0,0.00649036274347,0.0493310897667,0.891207942782,0.0060657536346,1.9791351469e-05,0.0468850597219
436.0,0.00651914497919,0.048908302057,0.891594749001,0.00629530878417,1.97108020578e-05,0.0466627843766
437.0,0.00654645580384,0.0485166947987,0.891835481647,0.00652964055031,1.96412771774e-05,0.0465520859228
438.0,0.00657233760192,0.0480903569717,0.891990870087,0.00677093876186,1.95833320559e-05,0.046555913245
439.0,0.00655243914312,0.047697288829,0.892039047305,0.00701738561958,1.95382769703e-05,0.0466743008262
440.0,0.00657567274921,0.0472677896008,0.891963951818,0.00727063102833,1.95048670232e-05,0.0469024499361
441.0,0.00659742350385,0.046869368464,0.891739862843,0.00752816926031,1.94844445124e-05,0.0472456914847
442.0,0.00661792260125,0.046437203131,0.891436977543,0.00779342793787,1.94780874487e-05,0.0476949906997
443.0,0.00663706491007,0.0460363918929,0.890991316149,0.00806165079553,1.94890027846e-05,0.0482540872499
444.0,0.00665487559799,0.0456021523009,0.890467485329,0.00833243394297,1.95293878113e-05,0.0489235234415
445.0,0.0066714647862,0.0451995301548,0.889807011054,0.00860682773253,1.95876992775e-05,0.0496955785735
446.0,0.00668688369571,0.0447962624482,0.889043548826,0.00888778380828,1.96648810008e-05,0.0505658563409
447.0,0.00670111284256,0.0443603134324,0.888206029522,0.00917391222304,1.97629252937e-05,0.0515388690545
448.0,0.00671421172707,0.0439561800092,0.887239431643,0.00946577818489,1.98816424682e-05,0.0526045167938
449.0,0.00672623038747,0.0435199915654,0.886205683995,0.00976217171185,2.00231166224e-05,0.0537658992239
450.0,0.00677962379318,0.0431137468564,0.885007916174,0.0100643416655,2.0186470787e-05,0.0550141850398
451.0,0.00678953380616,0.0426780155905,0.883842382497,0.010371234412,2.03776984287e-05,0.0562984559954
452.0,0.00679867920414,0.0422748077306,0.882572899576,0.0106796296455,2.05998371333e-05,0.0576533840065
453.0,0.00680695085559,0.0418403719269,0.881250821553,0.0109919768841,2.08505707268e-05,0.0590890282093
454.0,0.00681431803265,0.0414377210678,0.879811872337,0.0113100434468,2.11300466697e-05,0.0606049150687
455.0,0.00682104528374,0.0410048576132,0.878337313433,0.0116319717276,2.14408604373e-05,0.0621833710816
456.0,0.0068271164647,0.040604434833,0.876766977766,0.011959834166,2.17845201315e-05,0.0638198522505
457.0,0.00687366885871,0.0401727683636,0.875134187733,0.0122909517063,2.21613727947e-05,0.0655062619653
458.0,0.00687843000548,0.0397753569335,0.873447638539,0.0126275901762,2.25747816193e-05,0.0672484095645
459.0,0.00688265533435,0.0393484102062,0.871732852627,0.0129684452669,2.30260663768e-05,0.0690446104988
460.0,0.00688626763788,0.0389535515226,0.869922704523,0.0133145474233,2.3518381043e-05,0.070899410512
461.0,0.00688957021503,0.0385302251978,0.868103132464,0.0136639998471,2.40529885371e-05,0.0727890192876
462.0,0.00693244894047,0.0381382365778,0.86617800215,0.0140186071229,2.46309220823e-05,0.0747080742871
463.0,0.00693492049919,0.0377195182997,0.86428162744,0.0143770572223,2.52554876532e-05,0.0766616210508
464.0,0.00693706341853,0.0373333914677,0.862313431981,0.0147409746998,2.59287034378e-05,0.0786492097299
465.0,0.00697829251288,0.0369179996552,0.86031128151,0.0151082643339,2.66516739901e-05,0.0806575103137
466.0,0.00697982951676,0.0365367667828,0.858283871917,0.0154807428745,2.74280080556e-05,0.0826913609009
467.0,0.00698129987413,0.0361281907638,0.85626666383,0.0158562378134,2.82599530248e-05,0.0847393477654
468.0,0.00698266631247,0.0357524132859,0.854200094512,0.0162345986673,2.91381258194e-05,0.086801089096
469.0,0.00702245865684,0.0353480932716,0.852123983241,0.0165978076589,2.99828545605e-05,0.0888776743168
470.0,0.00702360594576,0.0349779959608,0.850041101885,0.0169648473247,3.08812715329e-05,0.0909615676118
471.0,0.0070250498903,0.0345817035455,0.848009240763,0.0173345524364,3.18355788647e-05,0.0930176177858
472.0,0.00706435011933,0.0342164468406,0.845904441889,0.0177075179595,3.28469336009e-05,0.095074396258
473.0,0.0070657782096,0.0338259890079,0.843860671289,0.0180819411354,3.39179012156e-05,0.0971317024574
474.0,0.00710479920767,0.033466862287,0.841757777164,0.0184594862325,3.50513802513e-05,0.0991760237287
475.0,0.00710646817446,0.0330832123307,0.839729693947,0.0188385498579,3.62497378461e-05,0.101205825952
476.0,0.00710916783196,0.0327307115526,0.837770402582,0.0192232385903,3.75217647436e-05,0.103128957679
477.0,0.00714903991431,0.0323508809352,0.835819193555,0.0196016870993,3.88359545322e-05,0.105040362542
478.0,0.00715216070619,0.0320043497827,0.833918412615,0.0199348773675,4.0036677673e-05,0.106950162851
479.0,0.00719219545237,0.0316310268754,0.832039441292,0.0202647782718,4.12954725095e-05,0.108831262636
480.0,0.00719591745678,0.0312911713797,0.830197878815,0.0205950547688,4.26180517775e-05,0.110677359527
481.0,0.00720010470508,0.0309262032016,0.828425516906,0.020921313806,4.40023227269e-05,0.112482859059
482.0,0.00724075209086,0.0305921561009,0.826629386077,0.0212471800007,4.54554717045e-05,0.114245070259
483.0,0.00724569924301,0.0302340360416,0.824933929086,0.0215677368322,4.69763195294e-05,0.115971622477
484.0,0.00728684775314,0.0299062529713,0.823209422931,0.0218868961541,4.8569917305e-05,0.117662010274
485.0,0.00729266779342,0.0295549476357,0.821603502905,0.022201772681,5.02379231112e-05,0.119296871062
486.0,0.00733447821587,0.0292343321728,0.819991214713,0.0225139920004,5.19852097408e-05,0.120873997688
487.0,0.00734113325561,0.0288897015245,0.8185220714,0.0227959576914,5.32485243435e-05,0.122397887604
488.0,0.0073835383225,0.0285752279274,0.817058905888,0.023065526,5.43942868038e-05,0.123862407576
489.0,0.00739125442016,0.0282370201848,0.81571569972,0.0233272193473,5.55734144289e-05,0.125273232914
490.0,0.00743449722029,0.0279294011295,0.814393193538,0.0235836018114,5.67946550105e-05,0.126602511646
491.0,0.00744333717064,0.0275983006941,0.813200512388,0.0238329604795,5.80546696774e-05,0.127866834599
492.0,0.00748749395653,0.0272973762442,0.812026109408,0.0240742866518,5.93566761474e-05,0.129055377063
493.0,0.00753209433924,0.0269719714133,0.810959486867,0.0243085065737,6.07009563939e-05,0.13016723985
494.0,0.00754266704515,0.0266785651923,0.809976277494,0.0245357730552,6.20944440174e-05,0.131204622769
495.0,0.00758829356254,0.0263597090203,0.809077549978,0.0247526050845,6.35283807277e-05,0.132158313974
496.0,0.00760012639106,0.0260724920127,0.808271358142,0.0249624609772,6.49203926975e-05,0.133028642085
497.0,0.0076466121742,0.0257593426852,0.807614569792,0.0251515867312,6.4805766898e-05,0.133763082851
498.0,0.00765952692235,0.0254775920723,0.807057182688,0.0253359531146,6.4706334514e-05,0.134405038868
499.0,0.00770711288505,0.0251706623093,0.806599009596,0.0255076771333,6.46035618975e-05,0.134950934514
500.0,0.00775519621398,0.0248939170018,0.80621637803,0.025673047517,6.45162630227e-05,0.135396944974
501.0,0.00777001035297,0.0246481212675,0.805949890457,0.0258253665486,6.44288596093e-05,0.135742182515
502.0,0.00781922647476,0.0244041555866,0.805754767348,0.0259686481871,6.43511895922e-05,0.135988851214
503.0,0.00786893956633,0.0241627151301,0.805677348513,0.026097862878,6.42735515684e-05,0.13612886036
504.0,0.00788558189257,0.0239246438911,0.805729169278,0.0262203037211,6.42110410899e-05,0.136176090177
505.0,0.00793635800886,0.0236880841234,0.80586934405,0.0263281987252,6.41517833935e-05,0.136113863309
506.0,0.00798763841053,0.0234538281942,0.806118243394,0.026424586447,6.41016484502e-05,0.135951601906
507.0,0.00800589383611,0.023222370506,0.806533410427,0.026532764676,6.31758906535e-05,0.135642384664
508.0,0.00805800220288,0.0229921284432,0.807031684749,0.0266313428302,6.22120216268e-05,0.135224629753
509.0,0.00811052886281,0.0227640043656,0.807642703224,0.0267183201959,6.12629039961e-05,0.134703180448
510.0,0.00816345319066,0.0225377341801,0.808362581623,0.0267942076332,6.03358077376e-05,0.134081687566
511.0,0.00818374441378,0.0223118232424,0.809229678544,0.0268569511366,5.94246120081e-05,0.133358378051
512.0,0.00823748164347,0.0220869340227,0.810170875704,0.0269100652366,5.85354399597e-05,0.132536107953
513.0,0.00829149156591,0.0218635545274,0.811222648336,0.0269459072798,5.76539428508e-05,0.131618744348
514.0,0.00834558776474,0.0216418183731,0.812373563352,0.0269701366732,5.6794673743e-05,0.130612099163
515.0,0.00836695998314,0.0214221088707,0.813657225363,0.0269786812304,5.59488121582e-05,0.129519075741
516.0,0.00842168674533,0.0212019708646,0.815007771532,0.0269737351965,5.51199612833e-05,0.128339715701
517.0,0.00847645978018,0.0209829165535,0.816431855588,0.026990240091,5.40236201934e-05,0.127064504367
518.0,0.00853126134305,0.0207648782423,0.817907587531,0.0270532493499,5.25435006215e-05,0.125690480033
519.0,0.00855335957682,0.020548478738,0.819489649088,0.0271037129434,5.11032832892e-05,0.124253696371
520.0,0.00860823900522,0.0203322757219,0.821118084972,0.0271446751357,4.97058558009e-05,0.122747019309
521.0,0.00866310813841,0.0201168856694,0.822818159663,0.0271728055813,4.83469743239e-05,0.121180693974
522.0,0.00871764522411,0.0199022057869,0.824580797534,0.0271893576063,4.70274030356e-05,0.119562966445
523.0,0.00877212708299,0.0196881552646,0.826406791588,0.0271929270631,4.57439367819e-05,0.117894255065
524.0,0.00882660057513,0.0194747025217,0.828284775172,0.0271834415845,4.4497443395e-05,0.116185982704
525.0,0.00888086995621,0.0192617098329,0.830214505319,0.0271599053378,4.32848908451e-05,0.114439724663
526.0,0.00890249971702,0.0190498010819,0.832212657987,0.0271231024947,4.21084482181e-05,0.112669830272
527.0,0.00895632130335,0.0188375641071,0.834222302617,0.0270702337128,4.09624880397e-05,0.110872615772
528.0,0.00900976673153,0.0186256859244,0.836202217462,0.0270531040632,3.98431806315e-05,0.109069382638
529.0,0.00906282293286,0.0184139884767,0.838110444715,0.027095653208,3.87397707567e-05,0.107278350897
530.0,0.00911575865056,0.0182025290848,0.840027170528,0.0271300142033,3.76725003991e-05,0.105486855033
531.0,0.00916834873987,0.0179912303232,0.841946194655,0.0271503288684,3.66363399351e-05,0.103707261074
532.0,0.00922057387582,0.0177800660412,0.843859421883,0.0271629762718,3.56346910173e-05,0.101941327237
533.0,0.00927243528637,0.0175690134072,0.845760256535,0.0271590939527,3.46604991762e-05,0.100204540319
534.0,0.00932388661187,0.0173580541567,0.847642110032,0.0271461265772,3.37189537859e-05,0.0984961036681
535.0,0.00937482629003,0.0171471330067,0.84949615884,0.0271182663575,3.2804977174e-05,0.0968308105281
536.0,0.00942547349871,0.0169363329033,0.851316540421,0.0270782991008,3.19198996618e-05,0.0952114341765
537.0,0.00947587048638,0.0167256464285,0.853096089918,0.0270220018796,3.1060686407e-05,0.0936493306008
538.0,0.00952592200163,0.0165151014292,0.854828928819,0.0269539025571,3.02290648717e-05,0.0921459161287
539.0,0.0095756674893,0.0163046556957,0.856505918986,0.0268693895662,2.94220065474e-05,0.0907149462561
540.0,0.00962539621672,0.0160948400688,0.857877354654,0.0269619713615,2.88814455804e-05,0.0894115562532
541.0,0.0096747119386,0.0158852418604,0.859156996616,0.0270612172195,2.83740939501e-05,0.0881934582712
542.0,0.00972382722819,0.0156759011373,0.860360010894,0.0271515984244,2.78812884233e-05,0.087060781028
543.0,0.0097729971392,0.01546693475,0.861478501614,0.027230813485,2.73985480984e-05,0.0860233544634
544.0,0.00982202068632,0.0152583202841,0.862510697062,0.0273035900732,2.69330606417e-05,0.085078438834
545.0,0.00987101584522,0.0150501503332,0.863446645191,0.0273646480799,2.64781246842e-05,0.0842410624262
546.0,0.00995136489511,0.0148419597807,0.864255545885,0.027416728674,2.60363220514e-05,0.0835083644435
547.0,0.0100003074108,0.0146348544437,0.864989336443,0.0274561257904,2.56053582165e-05,0.0828937705538
548.0,0.010049546693,0.0144284210772,0.865619240253,0.0274890950718,2.51881139901e-05,0.0823885087907
549.0,0.0100990137421,0.0142226807813,0.866136627911,0.0275079630561,2.47809465964e-05,0.0820089335633
550.0,0.0101487930978,0.0140177235141,0.866540670032,0.0275184075544,2.43861970942e-05,0.0817500196043
551.0,0.0101990048548,0.0138136765986,0.866827764806,0.0275141859625,2.39997308737e-05,0.0816213680474
552.0,0.01028101011,0.0136104607559,0.866850299317,0.0276336951168,2.39210554704e-05,0.0816006136446
553.0,0.0103323061615,0.0134087423346,0.866778551901,0.0277506978003,2.38578085086e-05,0.0817058439945
554.0,0.0103839872767,0.0132080387973,0.866589441265,0.0278613351154,2.37962334467e-05,0.0819334013118
555.0,0.0104364563234,0.0130084975609,0.86628469642,0.0279617867722,2.37349331707e-05,0.0822848279905
556.0,0.0104898894761,0.0128096439918,0.865856626048,0.0280561889443,2.36752021679e-05,0.0827639763373
557.0,0.0105753397177,0.012611675737,0.865281435138,0.02813744012,2.36127724764e-05,0.0833704965145
558.0,0.0106306234799,0.0124154647688,0.864617889573,0.0282150627169,2.35536160684e-05,0.0840974058456
559.0,0.0106870294666,0.0122206799453,0.863838581686,0.0282801760135,2.34918504429e-05,0.0849500410385
560.0,0.0107446179182,0.0120273776561,0.862942218227,0.0283389544186,2.34312031916e-05,0.085923400577
561.0,0.0108346029664,0.0118346574368,0.861896616295,0.0283853715375,2.33677159579e-05,0.087025384048
562.0,0.0108946379952,0.0116438325984,0.860761519854,0.0284261127416,2.33056451683e-05,0.0882505911656
563.0,0.0109562198451,0.0114546810939,0.85951853918,0.0284555601238,2.32413588758e-05,0.0895917583982
564.0,0.0110501524306,0.0112666054889,0.858165242811,0.0285153668221,2.33935890321e-05,0.0909792388579
565.0,0.0111139282255,0.0110802167454,0.856773695198,0.0286221913195,2.38371405868e-05,0.0923861313713
566.0,0.0111792505272,0.0108953769398,0.855289577926,0.0287204384938,2.42809129654e-05,0.0938910752005
567.0,0.0112772235046,0.0107117735511,0.853691754202,0.0288086312221,2.47237851736e-05,0.0954858937346
568.0,0.0113458077451,0.0105300223308,0.852034444575,0.0288914538607,2.51681050076e-05,0.0971731033837
569.0,0.0114472841314,0.0103495841749,0.850267885508,0.0289640828641,2.56111832163e-05,0.0989455521382
570.0,0.0115194233043,0.0101710187785,0.84844814061,0.0290312633861,2.60552360488e-05,0.100804098685
571.0,0.0115934090368,0.00999403388515,0.846555649239,0.0290891368953,2.64981452296e-05,0.102741272798
572.0,0.0117004988309,0.00981827102969,0.84456342397,0.029140654072,2.69398792704e-05,0.104750212218
573.0,0.0117783726682,0.00964436240298,0.842530414306,0.0291811279388,2.73796345102e-05,0.106838343049
574.0,0.0118894613923,0.00947165792961,0.840405094554,0.0292158788066,2.78190529769e-05,0.108990088265
575.0,0.0119714452013,0.00930076303414,0.838245381543,0.0292421261931,2.8257508753e-05,0.111212026519
576.0,0.012086716138,0.00913099101525,0.83600835549,0.0292596029856,2.86922871135e-05,0.113485642084
577.0,0.0121725143536,0.00896277031162,0.833741760856,0.029296201698,2.9195543435e-05,0.115797557237
578.0,0.0122912157974,0.00879522698238,0.831398628418,0.0293809738221,2.98442739595e-05,0.118104110706
579.0,0.0123805537572,0.00862926119154,0.829038040505,0.0294604691853,3.04994004034e-05,0.120461175961
580.0,0.0125034904416,0.0084641740418,0.826618829173,0.0295330210128,3.11584827695e-05,0.122849326848
581.0,0.0125968770252,0.0083004949398,0.824188643607,0.0296002930184,3.18238573968e-05,0.125281867553
582.0,0.0127239862795,0.00813756779881,0.821702956271,0.0296605314312,3.24931643278e-05,0.127742465055
583.0,0.0128533101127,0.00797569467247,0.819193244065,0.0297131198483,3.3166037499e-05,0.130231465264
584.0,0.0129527501337,0.00781487928936,0.816683243558,0.0297637507602,3.38481101132e-05,0.132751528149
585.0,0.0130860874767,0.00765471445686,0.814135338168,0.0298043369207,3.45309434339e-05,0.135284992034
586.0,0.0131895251953,0.00749551364882,0.811591796481,0.0298429937096,3.52233316443e-05,0.137844947633
587.0,0.0133268306853,0.00733672397189,0.809021691738,0.0298717642171,3.59162304237e-05,0.140407073157
588.0,0.0134662175007,0.00717847084682,0.80643062938,0.0298976283773,3.66186448976e-05,0.14299043525
589.0,0.0135751064262,0.00702090636855,0.803877465202,0.0299156624257,3.73230268091e-05,0.14557353655
590.0,0.0137181697945,0.00686350412417,0.801285218188,0.0299298524443,3.80348494637e-05,0.1481652206
591.0,0.0138631043754,0.00670651640739,0.798662253008,0.0299752824976,3.86843578417e-05,0.150754159354
592.0,0.0140099397487,0.0065497892162,0.796004522798,0.0300468730109,3.92942846326e-05,0.153349580942
593.0,0.0141256990146,0.00639328780166,0.793382278203,0.0301137809062,3.99061228546e-05,0.155945047952
594.0,0.0142761955748,0.00623654148687,0.790757101594,0.0301771856004,4.05170428073e-05,0.158512458701
595.0,0.0144278255616,0.00607962885068,0.788143913099,0.0302353518634,4.11303672629e-05,0.161072150258
596.0,0.0145806702529,0.0059224240791,0.785542652494,0.0302909546131,4.17457626605e-05,0.163621552799
597.0,0.014701299794,0.00576497375054,0.782992412234,0.0303434877788,4.23633851695e-05,0.166155463057
598.0,0.01485635512,0.00560682975785,0.780430533705,0.0303911909729,4.29816123435e-05,0.168672108832
599.0,0.01501225713,0.00544804435844,0.777907633066,0.0304339389989,4.36008789301e-05,0.171154525568
600.0,0.0151697666533,0.00528859324701,0.775397403811,0.0304770448416,4.42246156899e-05,0.173622966831
601.0,0.0153273223737,0.00528717844383,0.772816960134,0.0305077519067,4.48394995491e-05,0.176015947643
602.0,0.0154849290927,0.00528633877141,0.770257353576,0.0305359239183,4.54563569134e-05,0.178389998285
603.0,0.0156089344321,0.00528628010604,0.767757033443,0.0305628668301,4.60778658478e-05,0.180738807322
604.0,0.015767318468,0.00528659568874,0.765260190155,0.0305851704332,4.67001233354e-05,0.183054025132
605.0,0.0159260929859,0.00528745333062,0.762809312383,0.0306134588539,4.73243728511e-05,0.185316358073
606.0,0.0160843721568,0.0052886874159,0.760352093938,0.0306959808464,4.79738103923e-05,0.187530891833
607.0,0.016242071792,0.00529036638412,0.757937917285,0.0307743477492,4.86219413857e-05,0.189706674848
608.0,0.0163999363656,0.00529243246657,0.755555118337,0.0308518111713,4.92760894847e-05,0.19185142557
609.0,0.0165572265887,0.00529490518338,0.753214853902,0.0309268204006,4.99315135491e-05,0.193956262412
610.0,0.0167134366079,0.00529773103919,0.750912303859,0.0309992569829,5.05893740555e-05,0.196026682137
611.0,0.0168688994332,0.00530080640505,0.748654788583,0.0310695107492,5.12516309575e-05,0.198054743199
612.0,0.0170237430095,0.0053041687656,0.746431219422,0.0311387051483,5.19175406245e-05,0.200050246114
613.0,0.0171768910636,0.00530769357169,0.744253770346,0.0312038035427,5.25837000437e-05,0.202005257777
614.0,0.0173287238216,0.00531146234888,0.742112387262,0.031268113316,5.32568572689e-05,0.203926056394
615.0,0.0174793044192,0.00531533199221,0.740023625383,0.0313284570485,5.39292142712e-05,0.205799351943
616.0,0.0176630646265,0.00531915386878,0.737944944031,0.0313868907259,5.46067558355e-05,0.207631339992
617.0,0.01780960766,0.00532314601324,0.735929485398,0.0314436120422,5.52875658361e-05,0.20943886132
618.0,0.0179546969701,0.00532723671918,0.73394920931,0.0314993769151,5.59742583212e-05,0.211213505827
619.0,0.0180969781598,0.00533120221012,0.732018211872,0.0315511894374,5.66633362792e-05,0.212945754984
620.0,0.018236593366,0.00533517100324,0.730120240526,0.0316052364708,5.7385470187e-05,0.214645373164
621.0,0.0183730469911,0.00533821907078,0.728271783516,0.0317061510449,5.8485747749e-05,0.21625231363
622.0,0.01854267857,0.0053410777533,0.726415793768,0.03180838204,5.96060281923e-05,0.217832461841
623.0,0.01867364652,0.00534382339431,0.724628078466,0.0319064364686,6.07429249216e-05,0.219387272226
624.0,0.0188017340848,0.00534644589357,0.722868598059,0.0320039161817,6.19003780064e-05,0.220917405403
625.0,0.0189262766822,0.00534875458383,0.72115489336,0.0320977913335,6.30731233005e-05,0.222409210917
626.0,0.0190829568247,0.00535066675084,0.719444472732,0.0321916278015,6.42649429788e-05,0.223866010948
627.0,0.0192006052868,0.00535240560863,0.717789726544,0.0322825449111,6.54773250785e-05,0.225309240324
628.0,0.0193149913341,0.00535377252965,0.716153167708,0.0323724356631,6.67110865379e-05,0.226738921678
629.0,0.0194251390444,0.00535475690845,0.714561179558,0.0324602664839,6.79611211662e-05,0.228130696885
630.0,0.0195673491932,0.00535516580807,0.712967828536,0.0325445280603,6.92314642436e-05,0.229495896939
631.0,0.0196695955505,0.00535530234868,0.711427197321,0.0326273227571,7.05235720189e-05,0.230850058451
632.0,0.0198034657582,0.00535481709077,0.709880382974,0.0327097092714,7.18362784061e-05,0.232179788628
633.0,0.0198969882167,0.00535382958494,0.708394678032,0.0327874143915,7.31685408134e-05,0.233493921234
634.0,0.0199861071325,0.00535240156301,0.706925520781,0.0328640713497,7.45265814124e-05,0.234797372593
635.0,0.0201061580841,0.00535021393919,0.705460924842,0.0329387435433,7.59008611249e-05,0.23606805873
636.0,0.0201857851417,0.0053477723233,0.704027010499,0.0330113874659,7.71263257658e-05,0.237350918245
637.0,0.0202949165543,0.0053450972186,0.702599751755,0.0330819345507,7.75583391407e-05,0.238600741582
638.0,0.0203632705529,0.00534192844804,0.701207395583,0.033154465789,7.79929045619e-05,0.239854946722
639.0,0.0204617417058,0.00533781317137,0.699821246496,0.0332217898825,7.84194082209e-05,0.241078989336
640.0,0.0205194528532,0.00533314644395,0.698469437861,0.0332894848139,7.88513327313e-05,0.242309626696
641.0,0.0206066657728,0.00532742047217,0.697133871066,0.0333524319075,7.92744337407e-05,0.243500336347
642.0,0.0206533525326,0.00532115168493,0.695815579222,0.0334186406573,7.97031741393e-05,0.244711572729
643.0,0.0207294103118,0.00531371675213,0.694509993768,0.0334781598984,8.01231219498e-05,0.245888596148
644.0,0.0207995577775,0.00530550342225,0.693212956779,0.0335365068297,8.05406037047e-05,0.247064934588
645.0,0.020828818597,0.00529645181107,0.691970342544,0.0335939965404,8.09563650094e-05,0.248229434143
646.0,0.0208875406847,0.00528644335745,0.690698151825,0.03364899114,8.13736381224e-05,0.249397499354
647.0,0.0209399493779,0.00527541202668,0.689458884236,0.033699992646,8.17840122635e-05,0.250543977701
648.0,0.0209521109979,0.00526351368173,0.688230989601,0.0337502538288,8.2195536481e-05,0.251720936354
649.0,0.0209926243345,0.00525053075458,0.687002432333,0.0337990546087,8.26019119886e-05,0.252872756058
650.0,0.0210275219853,0.00523666216834,0.685779847432,0.0338448345386,8.30065450602e-05,0.254028127331
651.0,0.0210225413193,0.00522187368231,0.684608785241,0.0338877983343,8.34096117758e-05,0.255175591812
652.0,0.0210458859882,0.00520602557236,0.683396468135,0.0339296656229,8.38134210034e-05,0.25633814126
653.0,0.0210586244713,0.00518943672838,0.682247223177,0.0339422802869,8.28448022698e-05,0.257479590534
654.0,0.02106010203,0.005172367459,0.681163129162,0.0339235993233,8.02738765547e-05,0.258600528149
655.0,0.0210552244861,0.00515405888642,0.680107552287,0.0339034944141,7.77856741747e-05,0.259701884252
656.0,0.0210445217652,0.00513434035219,0.679065071583,0.0338792170077,7.53719058393e-05,0.260801477386
657.0,0.0209953521355,0.00511351560441,0.678042069912,0.0338573435092,7.30377311511e-05,0.261918681108
658.0,0.0209722050982,0.0050912331954,0.677012202891,0.033832328844,7.07728297597e-05,0.263021257141
659.0,0.0209441509264,0.00506780082644,0.675990103802,0.0338053565727,6.85817882817e-05,0.264124006084
660.0,0.0209102580193,0.00504312986757,0.674987277716,0.0337786793091,6.64583124011e-05,0.265214196776
661.0,0.020871311118,0.00501690162843,0.673982229704,0.0337474839104,6.43988233727e-05,0.266317674816
662.0,0.0208272887305,0.00498951661873,0.672979632748,0.0337180493861,6.24055071173e-05,0.26742310701
663.0,0.0207780914738,0.00496083422439,0.672005049283,0.0336855565894,6.04711256885e-05,0.268509997304
664.0,0.0207251502836,0.00493118073067,0.671025937459,0.0336527493706,5.86019497635e-05,0.269606380206
665.0,0.0206672270823,0.00490022664986,0.670073549402,0.0336188292687,5.67876079438e-05,0.270683379989
666.0,0.0206048056528,0.00486818760323,0.669084965482,0.0335854273517,5.50329156292e-05,0.271801580994
667.0,0.0205383422676,0.00483494396403,0.668135440223,0.0335474501363,5.33298743007e-05,0.272890493535
668.0,0.0204683937413,0.00480059896366,0.667177235631,0.0335111835078,5.16812465909e-05,0.273990906909
669.0,0.0204251851804,0.00476513529281,0.666225885686,0.0334733358016,5.00845587604e-05,0.275060373481
670.0,0.0203488015738,0.00472873090698,0.665277719367,0.0334337245971,4.8537661106e-05,0.276162485894
671.0,0.0202666039843,0.00469090599012,0.664364691962,0.0334103423014,4.67860849605e-05,0.277220669678
672.0,0.0201821196264,0.00465215011934,0.663434443432,0.0333898505769,4.50475096114e-05,0.278296388736
673.0,0.0200955056918,0.00461233104459,0.662515023283,0.0333702637608,4.33748547057e-05,0.279363501365
674.0,0.0200348591828,0.00457138425422,0.661586226609,0.0333485737865,4.17644253598e-05,0.280417191743
675.0,0.0199445714736,0.00452959535209,0.660688245387,0.0333246952856,4.02143022507e-05,0.281472678199
676.0,0.0198535077509,0.0044870026279,0.659760963763,0.0333045062554,3.87275216344e-05,0.282555292081
677.0,0.0197615409399,0.0044434136386,0.658862066308,0.0332799701084,3.72947533337e-05,0.283615714252
678.0,0.0196965039482,0.00439891902247,0.657941665051,0.033257240715,3.59176089926e-05,0.284669753655
679.0,0.0196041272048,0.00435367994366,0.657043292189,0.0332342508614,3.45927073131e-05,0.285730057094
680.0,0.019538602047,0.0043075956158,0.656128135125,0.0332090756684,3.33176590753e-05,0.286783273885
681.0,0.0194473549471,0.00426084792466,0.65523048619,0.033185814664,3.2092327243e-05,0.287843403947
682.0,0.0193573647786,0.00421337493047,0.654344898869,0.0331619297392,3.09132779106e-05,0.288891518405
683.0,0.0192945569723,0.00416512388716,0.653438488423,0.0331359284492,2.97793387511e-05,0.28993612293
684.0,0.0192081790064,0.0041164366328,0.652534228783,0.0331134046111,2.86904204632e-05,0.290999060546
685.0,0.0191489711979,0.00406692985178,0.651642017633,0.0330859097575,2.76396405652e-05,0.292028531919
686.0,0.0190665245501,0.00401700395391,0.650733636024,0.0330632127702,2.66322993859e-05,0.293092990402
687.0,0.0190113810352,0.00396637547483,0.649833212956,0.0330377086312,2.56614745615e-05,0.294125660428
688.0,0.0189607589031,0.00391535715999,0.648934239212,0.0330116099649,2.47287626706e-05,0.295153305998
689.0,0.0188898649866,0.0038641048732,0.648023200236,0.0330019325248,2.38904783363e-05,0.296197006901
690.0,0.0188494707412,0.00381292597812,0.64702365416,0.0330447290696,2.3322462247e-05,0.297245897589
691.0,0.0188118321899,0.0037612961819,0.646033037386,0.0330869245736,2.27695009902e-05,0.298284140167
692.0,0.0187551843961,0.00370951725176,0.645043165154,0.0331305918808,2.22317962861e-05,0.299339309521
693.0,0.0187280232181,0.00365739670713,0.644039995558,0.033174882294,2.17094178335e-05,0.300377992805
694.0,0.0187058036459,0.00360498937383,0.643044971173,0.0332186668468,2.12007112948e-05,0.301404368249
695.0,0.0186659789999,0.00355244853081,0.642069952154,0.0332627259049,2.07056139103e-05,0.302428188796
696.0,0.018653765768,0.00349960785729,0.641070216279,0.0333089756044,2.02249481095e-05,0.303447209543
697.0,0.0186484935774,0.00344664323546,0.640080659957,0.0333531109699,1.97575541616e-05,0.304451334707
698.0,0.0186502627473,0.00339355306625,0.639089520731,0.0333985461734,1.93033479916e-05,0.305448813934
699.0,0.0186576319695,0.00334031969728,0.63810538195,0.0334435404564,1.88612893628e-05,0.306434264638
700.0,0.0186720843829,0.00328705613383,0.637111773844,0.0334897635918,1.843244049e-05,0.307420889607
701.0,0.018694028893,0.00323370903559,0.63614818328,0.0335344147184,1.80142879347e-05,0.308371649786
702.0,0.0187247000958,0.00318040759501,0.635157872788,0.0335818375125,1.76098586205e-05,0.30933757215
703.0,0.0187416374681,0.00312716340175,0.63419501219,0.0336299977339,1.72166545596e-05,0.310288972551
704.0,0.0188102600581,0.00307386288721,0.633193068281,0.0336780766318,1.68360402715e-05,0.311227896102
705.0,0.0188653258204,0.00302071705411,0.632212974798,0.033726668265,1.64657150523e-05,0.312157848347
706.0,0.018929686266,0.00296765407275,0.631227164621,0.0337767558067,1.61068817223e-05,0.313082632351
707.0,0.0190029531221,0.00291463112564,0.630277412629,0.0338255021213,1.57571485461e-05,0.313963743854
708.0,0.0190862095863,0.00286184781777,0.629295853261,0.0338792642932,1.54201247412e-05,0.314861404917
709.0,0.019178899723,0.00280936229652,0.628303948703,0.033948178932,1.51307087379e-05,0.315744479636
710.0,0.0192815436115,0.00275723669186,0.627278036914,0.0340393715038,1.48867263127e-05,0.316628924552
711.0,0.0193942897847,0.002705303505,0.626265338925,0.0341286716733,1.46487587673e-05,0.317491747354
712.0,0.0195393561857,0.00265357667218,0.625227206237,0.0342208854966,1.44187009951e-05,0.318344556707
713.0,0.0196727660859,0.00260210424851,0.624243234938,0.0343107198686,1.41933429143e-05,0.319156981516
714.0,0.0198176264736,0.00255097249178,0.623218981088,0.0344033556853,1.39761920377e-05,0.319995088069
715.0,0.0199733516914,0.0025001149002,0.622206745971,0.0344982926075,1.37654719599e-05,0.320807729358
716.0,0.020162568817,0.00244954352945,0.621168142724,0.0345919984681,1.3561306857e-05,0.321614185155
717.0,0.020341157253,0.00239933609096,0.620154106009,0.0346887357148,1.3363304612e-05,0.322403301627
718.0,0.0205536050052,0.00234946317741,0.619115451794,0.03478450006,1.31720410569e-05,0.323183807923
719.0,0.0207558814981,0.00229997067802,0.618097165884,0.0348808549573,1.29858251088e-05,0.323953141158
720.0,0.020970283162,0.00225088088695,0.617062702486,0.0349808933825,1.28065798088e-05,0.324722433503
721.0,0.0212188743131,0.00220215129237,0.616033673544,0.0350786897367,1.26323714235e-05,0.325453978743
722.0,0.0214575069129,0.00215392357766,0.615006933701,0.0351812835248,1.24650158088e-05,0.326187887267
723.0,0.0217314547335,0.00210598899927,0.613973184965,0.0352808014831,1.2302134577e-05,0.326896267685
724.0,0.02201829312,0.002058563034,0.612918519349,0.035381828074,1.21454037217e-05,0.327610651019
725.0,0.0222948627123,0.0020116369801,0.611891024905,0.0354861708738,1.19941548286e-05,0.328304310373
726.0,0.0226076278175,0.00196512796963,0.610823661725,0.0355886903662,1.18481802746e-05,0.329003043942
727.0,0.0229335899852,0.00191904070108,0.609766435724,0.0356935452674,1.17076376903e-05,0.329675680684
728.0,0.0232494582828,0.00187363153085,0.608687159874,0.0358007669045,1.15734489082e-05,0.330377409959
729.0,0.0236015653199,0.00182857900094,0.607611944337,0.0359047176089,1.14423640925e-05,0.331041751369
730.0,0.0239657106465,0.00178415473973,0.606488742302,0.0360397998712,1.13497435009e-05,0.331710242697
731.0,0.0243423413913,0.00174041889941,0.605341074492,0.0361930111993,1.12779753397e-05,0.332371876043
732.0,0.0247078468467,0.00169716926791,0.604207655128,0.0363445438572,1.1208616249e-05,0.333031576284
733.0,0.0251102938835,0.00165445868408,0.603027551952,0.0364963860734,1.11431985918e-05,0.333700166208
734.0,0.0255265856511,0.00161226412538,0.601864745309,0.036648900437,1.10807998584e-05,0.334336423678
735.0,0.0259560312201,0.00157066965167,0.600671535279,0.036802726146,1.10223451784e-05,0.334988015358
736.0,0.0263993849298,0.00152960846378,0.59945493579,0.0369579753085,1.09674878291e-05,0.33564712802
737.0,0.0268546384434,0.00148910313482,0.598263606676,0.0371113482284,1.09144884243e-05,0.336270389029
738.0,0.0273240872789,0.00144919144722,0.597023031278,0.0372702987866,1.08669825998e-05,0.336922524227
739.0,0.0278065508597,0.0014098301058,0.595778890291,0.03742651728,1.08214944828e-05,0.337567389969
740.0,0.0283018099165,0.00137109205034,0.594499171564,0.0375837790564,1.07796559849e-05,0.338233367757
741.0,0.0288099642888,0.00133289214323,0.593220158496,0.037740642047,1.0740280058e-05,0.338885602745
742.0,0.0293580952143,0.00129525103827,0.591888593988,0.0378973549397,1.07041782835e-05,0.339550000642
743.0,0.0298913791996,0.00125824068964,0.590573463198,0.0380547345616,1.06707278598e-05,0.340211511623
744.0,0.030437113024,0.00122185255522,0.589215613205,0.0382125658398,1.06403890129e-05,0.340902214987
745.0,0.0309957464482,0.00118604167933,0.587822560638,0.0383736518637,1.0614193958e-05,0.341611385177
746.0,0.0315944626379,0.00115079160956,0.586408464865,0.0385306595037,1.058940279e-05,0.342305031981
747.0,0.0321767436577,0.00111617274925,0.584964781466,0.0386889871421,1.05680260606e-05,0.343042746959
748.0,0.0327698841879,0.0010821614427,0.583517756151,0.0388465857351,1.05488076554e-05,0.343773063675
749.0,0.0334044516661,0.00104872558321,0.582011249792,0.0390034972732,1.05323881663e-05,0.344521543297
750.0,0.0340209531738,0.00101592627692,0.580475258769,0.0391617307288,1.05193102215e-05,0.345315611742
751.0,0.0346779107562,0.000983662767894,0.578953395189,0.0393161699779,1.05065292242e-05,0.346058354779
752.0,0.0353157606686,0.00095214476464,0.577373815111,0.0394799347265,1.05086610799e-05,0.346867836068
753.0,0.0359914456905,0.000921200380774,0.575747166939,0.0396394013436,1.05177845997e-05,0.347690267861
754.0,0.0366464071185,0.000890869515093,0.574083715656,0.0398019435606,1.05301422764e-05,0.348566534007
755.0,0.0373450026952,0.00086111977831,0.572378045322,0.039962482065,1.05442934815e-05,0.349442805846
756.0,0.038050191014,0.000831955710904,0.570639894339,0.040122356492,1.05598929793e-05,0.350345042552
757.0,0.0387309422907,0.000803373892325,0.568901444681,0.0402789106306,1.05764083506e-05,0.351274752097
758.0,0.0394551853715,0.000775400299371,0.567070012807,0.0404387842751,1.05966196731e-05,0.352250020628
759.0,0.0401868428911,0.00074797970774,0.565221020085,0.0405940319053,1.06172432497e-05,0.353239508168
760.0,0.0409235479103,0.000721091725592,0.563329495605,0.0407475146156,1.06389348679e-05,0.354267711208
761.0,0.0416324229553,0.000694927283227,0.56144842841,0.0409050664166,1.06640888741e-05,0.355308490846
762.0,0.042383022053,0.000669286564342,0.559497270536,0.0410583411745,1.06902230153e-05,0.35638138945
763.0,0.043139097271,0.000644180788464,0.557519053775,0.0412107892513,1.07175692383e-05,0.357476161345
764.0,0.0439010250855,0.000619627812322,0.555483959396,0.041359856942,1.0746209441e-05,0.358624784555
765.0,0.0446683805917,0.000595612525051,0.553386818028,0.0415099902881,1.07773783919e-05,0.359828421189
766.0,0.045439281221,0.000572117471627,0.551264690079,0.0416543230399,1.08082809203e-05,0.361058779908
767.0,0.0462122013591,0.000549113791955,0.549107715667,0.04179680226,1.08400876384e-05,0.362323326834
768.0,0.0469885382799,0.000526628720526,0.546838319853,0.0419361109121,1.08738090608e-05,0.363699528426
769.0,0.0478057433758,0.000504646121224,0.544544173459,0.0420742238971,1.09082426951e-05,0.365060304904
770.0,0.0485907044882,0.000483171887473,0.542214110057,0.0422124999346,1.09449618234e-05,0.366488568671
771.0,0.0493770374148,0.00046219143239,0.539866510945,0.0423452205333,1.09814336098e-05,0.36793805824
772.0,0.0501629095385,0.000441655023636,0.537437225806,0.0424767908922,1.10195849272e-05,0.369470399155
773.0,0.0509852188758,0.000421560625135,0.534960729394,0.0426001429773,1.10565363195e-05,0.371021291591
774.0,0.0517687227933,0.000401923450714,0.532431372079,0.0427244656453,1.10958627551e-05,0.372662420169
775.0,0.0525906324666,0.000382715621072,0.529822049048,0.0428426845148,1.11351605729e-05,0.374350783189
776.0,0.0533718585309,0.000363943999252,0.527165726994,0.0429478043003,1.11733067172e-05,0.376139492869
777.0,0.054146925966,0.000345572111318,0.524520920287,0.0430461047544,1.12098961387e-05,0.377929266985
778.0,0.054962802241,0.000327585109772,0.521757300676,0.043142268649,1.12481013767e-05,0.379798795223
779.0,0.0557750611519,0.00030999171812,0.518977724057,0.0432345396494,1.12863312712e-05,0.381691397092
780.0,0.0565417155104,0.000292766850068,0.516094537446,0.0433256783559,1.1326901925e-05,0.383733974936
781.0,0.0573404090077,0.0002758778376,0.513207542411,0.0434082340913,1.13651325069e-05,0.38575657152
782.0,0.0581356443783,0.00025933620173,0.510264794087,0.0434884647811,1.14043853605e-05,0.387840356167
783.0,0.0588810693118,0.000243114273778,0.507262859738,0.0435656699396,1.14447031854e-05,0.390035842033
784.0,0.0596601287859,0.000227188298683,0.504174155186,0.043637506749,1.14848727624e-05,0.392289536108
785.0,0.0604317652427,0.000211557099892,0.501071942428,0.0437048603944,1.15246982708e-05,0.394568350137
786.0,0.061194670434,0.000196198514274,0.497903892969,0.043768283377,1.15648301598e-05,0.396925389876
787.0,0.0619458556548,0.000181089505852,0.494709365294,0.0438256105341,1.16041717669e-05,0.39932647484
788.0,0.0626845739127,0.000166220244461,0.491445790981,0.0438787038802,1.16438958202e-05,0.401813067085
789.0,0.0634128156471,0.000151572568302,0.488120075312,0.0439277981165,1.16837992062e-05,0.404376054556
790.0,0.0641285728889,0.000137130583136,0.484778999702,0.0439713566187,1.17228821047e-05,0.406972217325
791.0,0.0648325152618,0.00012287530702,0.481376563964,0.0440109550144,1.1762380799e-05,0.409645328073
792.0,0.0655226477074,0.000108789435034,0.477913802473,0.0440463396679,1.18018129108e-05,0.412396618904
793.0,0.0661967928139,9.4852038804e-05,0.474433019329,0.0440754768075,1.18402118153e-05,0.415188018799
794.0,0.0669014269069,8.10463368491e-05,0.470879964399,0.0440992298581,1.18780527733e-05,0.418026454446
795.0,0.0675464721107,6.73585324581e-05,0.467283991551,0.0441199432951,1.19165895213e-05,0.420970317921
796.0,0.0681729748998,5.37665091778e-05,0.463676778506,0.0441345969123,1.19538622692e-05,0.423949929311
797.0,0.0688280798851,4.02517590784e-05,0.459999573292,0.0441436187883,1.19904658759e-05,0.42697648581
798.0,0.0694185000245,2.67982866971e-05,0.456328536471,0.044147782865,1.20264470034e-05,0.430066355906
799.0,0.0699942072345,1.33874559659e-05,0.452563353571,0.0441497403284,1.20634484123e-05,0.433267247961
800.0,0.0705946158748,0.0,0.448776002677,0.0441473721688,1.20999784845e-05,0.436469909301
801.0,0.0711737441546,0.0,0.444975417873,0.0441582411763,1.21462972525e-05,0.439680450499
802.0,0.0716872378742,0.0,0.44114562098,0.0441666519296,1.21930724257e-05,0.442988296144
803.0,0.0722266278142,0.0,0.437258884841,0.0441694534481,1.22384512108e-05,0.446332795446
804.0,0.0727432623083,0.0,0.433373153223,0.0441685760958,1.22829760052e-05,0.449702725397
805.0,0.0731941394876,0.0,0.429461290569,0.0441624896586,1.23269474628e-05,0.453169753337
806.0,0.0736706299424,0.0,0.425491438338,0.0441503436665,1.23694965135e-05,0.456675218557
807.0,0.074122979515,0.0,0.421528853518,0.0441322710635,1.24103855499e-05,0.460203485518
808.0,0.0745533980988,0.0,0.417532708911,0.0441126159537,1.24512027809e-05,0.463788825834
809.0,0.0749619515544,0.0,0.413510197979,0.0440874605571,1.24909771225e-05,0.467427898932
810.0,0.0753455972637,0.0,0.409496646847,0.04405588874,1.25288223527e-05,0.471089338327
811.0,0.0757039393398,0.0,0.405494204498,0.0440181005907,1.25648456846e-05,0.474771190726
812.0,0.0760421099392,0.0,0.401418463263,0.0439809105111,1.26019747456e-05,0.478545914312
813.0,0.0763547141099,0.0,0.397371252835,0.0439366152956,1.26367878471e-05,0.482324780971
814.0,0.0766870537483,0.0,0.39333509327,0.0438858091623,1.26692842076e-05,0.486079374535
815.0,0.0769504413651,0.0,0.389282890829,0.0438320224455,1.27015013112e-05,0.489921943859
816.0,0.0771899472346,0.0,0.385207310996,0.0437769416914,1.27337100482e-05,0.493813066368
817.0,0.077448485048,0.0,0.381151511568,0.0437132996627,1.27627613706e-05,0.49767394096
818.0,0.0776379310944,0.0,0.377088445911,0.0436474878864,1.27917937689e-05,0.501613343314
819.0,0.0778452062554,0.0,0.373045663471,0.043575568088,1.28185295676e-05,0.505520743656
820.0,0.0779833161145,0.0,0.368989527634,0.043502702931,1.28452769221e-05,0.509511608044
821.0,0.0781391511169,0.0,0.364960461616,0.0434219806865,1.28692914249e-05,0.513465537289
822.0,0.0782727930286,0.0,0.360936754998,0.0433400408779,1.28929338798e-05,0.517437518162
823.0,0.078334941507,0.0,0.356962906131,0.043255003467,1.29156584107e-05,0.521434233236
824.0,0.0784148388498,0.0,0.353014633393,0.0431662432356,1.29365601398e-05,0.525391347961
825.0,0.0784704960251,0.0,0.349062768663,0.0430727367249,1.29562551907e-05,0.529381042332
826.0,0.0785021004893,0.0,0.345101783777,0.0429761436318,1.29749970533e-05,0.533406997104
827.0,0.0785047577524,0.0,0.341231652258,0.0428901106973,1.29989956296e-05,0.537360480296
828.0,0.0784887988174,0.0,0.337386417864,0.0428260380077,1.30331561118e-05,0.541285712155
829.0,0.0784443803521,0.0,0.333571871201,0.0427557755384,1.30649016651e-05,0.545214908007
830.0,0.0783776004875,0.0,0.329758976212,0.0426832583529,1.30956094119e-05,0.549167069338
831.0,0.0782869406098,0.0,0.326010944662,0.0426088696332,1.3125206022e-05,0.553080119889
832.0,0.078213663564,0.0,0.322308287457,0.042532364082,1.31530846489e-05,0.556932531812
833.0,0.0780723515917,0.0,0.318657553326,0.0424499486759,1.31787846509e-05,0.560806967622
834.0,0.0779089081295,0.0,0.315017030002,0.0423663279757,1.32039124954e-05,0.564694529981
835.0,0.0777593110947,0.0,0.311467639528,0.0422764562284,1.32259014842e-05,0.568483367247
836.0,0.0775497318765,0.0,0.307944367601,0.0421874168957,1.32479301167e-05,0.572305235697
837.0,0.0773520513386,0.0,0.304509884716,0.0420918868446,1.32668928106e-05,0.576032910208
838.0,0.0770954590465,0.0,0.301105094536,0.0419977181461,1.32860440705e-05,0.579788442227
839.0,0.0768520343509,0.0,0.297847591913,0.0418972534483,1.33017342083e-05,0.583389818553
840.0,0.0765897915908,0.0,0.294553764844,0.0417970912892,1.3317641497e-05,0.587046034635
841.0,0.0763030749387,0.0,0.291368599522,0.0416933072353,1.33314042903e-05,0.590621686899
842.0,0.0759967538373,0.0,0.288252443107,0.0415886254348,1.3344199227e-05,0.594148833422
843.0,0.0756274690239,0.0,0.28525289675,0.0414817543623,1.33555854508e-05,0.597624524278
844.0,0.0752778538474,0.0,0.282310771305,0.0413746339464,1.33659990516e-05,0.601023374903
845.0,0.0749392417304,0.0,0.279457429028,0.041259350513,1.3372966013e-05,0.604330605763
846.0,0.074546241231,0.0,0.276629852078,0.0411453565794,1.33801405482e-05,0.607665169971
847.0,0.0741298370406,0.0,0.274020069689,0.0410282979619,1.33849075427e-05,0.610808410401
848.0,0.0737018714227,0.0,0.271386764872,0.040913666318,1.33904059301e-05,0.613984306981
849.0,0.0732470513224,0.0,0.268951289904,0.0407934445399,1.33927969109e-05,0.616994821437
850.0,0.0728115335042,0.0,0.266518721561,0.0406715336263,1.33942708358e-05,0.619984817038
851.0,0.0723185107992,0.0,0.264244002236,0.0405466289676,1.33937845231e-05,0.622877464213
852.0,0.07184424256,0.0,0.262029501061,0.0404207965391,1.33924609653e-05,0.625692067379
853.0,0.0713506503427,0.0,0.260030182317,0.0402930699281,1.33892462055e-05,0.628312708166
854.0,0.0708141419475,0.0,0.258015160833,0.0401696202636,1.33875324393e-05,0.630987689423
855.0,0.0702839957341,0.0,0.256219160156,0.0400391965725,1.33820114661e-05,0.633444265526
856.0,0.0697449540927,0.0,0.254448774782,0.0399206435324,1.33806994534e-05,0.635872246893
857.0,0.0691849479977,0.0,0.252919375035,0.0397973903927,1.33765360372e-05,0.638084910038
858.0,0.0686136451157,0.0,0.251409154448,0.0396760005411,1.33727508287e-05,0.640287827145
859.0,0.0680254587307,0.0,0.250094150212,0.0395517228443,1.33670797862e-05,0.642315301133
860.0,0.0674265566409,0.0,0.248840998021,0.0394300849067,1.33617289311e-05,0.644288998703
861.0,0.0668120702572,0.0,0.24782831587,0.0393032532253,1.33535451693e-05,0.646043007102
862.0,0.0661878307172,0.0,0.246832050337,0.0391786130717,1.33459720296e-05,0.647788159902
863.0,0.065547916736,0.0,0.246111342512,0.0390510230658,1.33360137795e-05,0.649276381673
864.0,0.0649266402785,0.0,0.245390871212,0.0389215489698,1.33254165738e-05,0.650747614123
865.0,0.0642609427767,0.0,0.244898023352,0.0387886089111,1.33126944164e-05,0.652039112265
866.0,0.0636220953599,0.0,0.244475437158,0.0386593044108,1.33008893241e-05,0.653229862182
867.0,0.0629410538996,0.0,0.244322055402,0.0385279558084,1.32871100867e-05,0.65419564778
868.0,0.0622792652587,0.0,0.244168163998,0.0383956506176,1.32731731272e-05,0.655143646953
869.0,0.061610264282,0.0,0.244289231775,0.0382613078435,1.32574677195e-05,0.655825938632
870.0,0.0609364161235,0.0,0.244461689343,0.0381306478353,1.3242709382e-05,0.656458003989
871.0,0.0602484543497,0.0,0.244881466809,0.037992867238,1.32247960259e-05,0.656863986807
872.0,0.0595645105242,0.0,0.245328209196,0.037861169738,1.3208821131e-05,0.65723290172
873.0,0.0588694160233,0.0,0.246069961239,0.0377268955927,1.31909125297e-05,0.657320536233
874.0,0.0581708355142,0.0,0.246803215555,0.0375919055733,1.31728757631e-05,0.657420870482
875.0,0.0574658868385,0.0,0.247829128994,0.0374532324476,1.31526262054e-05,0.657238599093
876.0,0.0567878108896,0.0,0.248861449807,0.0373183724372,1.31337547314e-05,0.657019233112
877.0,0.0560750690818,0.0,0.250216894471,0.0371802352845,1.31126902972e-05,0.656514688472
878.0,0.0553689366187,0.0,0.251540476425,0.0370458562694,1.309309802e-05,0.656031637589
879.0,0.0546788659127,0.0,0.253177868656,0.0369061071237,1.30709526622e-05,0.655224087355
880.0,0.0539931326937,0.0,0.254815636348,0.0367718849528,1.30506283066e-05,0.654406295377
881.0,0.0532832899799,0.0,0.256727131092,0.0366324863787,1.30276634492e-05,0.653344064885
882.0,0.052594494467,0.0,0.258620481736,0.0364946306011,1.3005589941e-05,0.652277387606
883.0,0.0519096193655,0.0,0.260798366804,0.0363558166466,1.29823743173e-05,0.650923214809
884.0,0.0512305689584,0.0,0.262974593317,0.0362228284077,1.2961211557e-05,0.649559048106
885.0,0.0505540125577,0.0,0.265454885416,0.0360844166103,1.29374575198e-05,0.647893747958
886.0,0.0498794370151,0.0,0.267880935825,0.0359453319949,1.2913503865e-05,0.646281381662
887.0,0.0492257375657,0.0,0.270553595796,0.0357964663889,1.28852383953e-05,0.644411315011
888.0,0.0485568355757,0.0,0.273228157397,0.0356511814697,1.28584599647e-05,0.642550967097
889.0,0.0478975936911,0.0,0.276157751446,0.0355048639885,1.2830393575e-05,0.640426960481
890.0,0.0472654733644,0.0,0.279086994499,0.0353637074893,1.28046358663e-05,0.638271020012
891.0,0.0466189369465,0.0,0.28225289138,0.0352165932727,1.27760308057e-05,0.63589880237
892.0,0.0459973340305,0.0,0.285368658212,0.0350756081365,1.27498887795e-05,0.633545649732
893.0,0.0453847849941,0.0,0.288685802591,0.0349303859281,1.27217632945e-05,0.630986304723
894.0,0.0447795389801,0.0,0.291999199916,0.0347916048186,1.26960484887e-05,0.628416960237
895.0,0.0441873317701,0.0,0.295516051532,0.034650922756,1.26689583922e-05,0.625633024984
896.0,0.0436018147314,0.0,0.298976886733,0.0345123436324,1.26430324792e-05,0.62289631187
897.0,0.0430300927991,0.0,0.302633092992,0.0343730509513,1.26160067058e-05,0.619951147251
898.0,0.0424665764157,0.0,0.306248009289,0.0342372729266,1.25905619413e-05,0.617035550807
899.0,0.0419321375991,0.0,0.309978010801,0.0341017409534,1.25647277287e-05,0.613975545919
900.0,0.0413885144643,0.0,0.31373552548,0.0339677978593,1.25395147774e-05,0.610895622681
901.0,0.0408744031939,0.0,0.317561498365,0.0338338492107,1.25137672664e-05,0.607717735463
902.0,0.0403558598492,0.0,0.321392185387,0.0337050124342,1.24897302189e-05,0.604534452599
903.0,0.0398677677442,0.0,0.325306290984,0.0335747214769,1.24649439315e-05,0.601238754851
904.0,0.0393846075187,0.0,0.329196585417,0.0334479262902,1.24413817297e-05,0.597958439392
905.0,0.0389203143505,0.0,0.333146027735,0.033321462631,1.24173515375e-05,0.594599777932
906.0,0.0384643500962,0.0,0.337087758922,0.0332000204873,1.23952412568e-05,0.591235475253
907.0,0.0380232812995,0.0,0.341039475427,0.0330793398419,1.23726254049e-05,0.587845530806
908.0,0.0375898070104,0.0,0.344951097291,0.0329612797005,1.23511808319e-05,0.584485464817
909.0,0.037185704151,0.0,0.348906101557,0.0328446506338,1.23296711106e-05,0.581051213987
910.0,0.03677744959,0.0,0.352826500333,0.0327308944637,1.23091711122e-05,0.577652846442
911.0,0.0363867083843,0.0,0.356707679754,0.0326220302053,1.22895477197e-05,0.574271292109
912.0,0.0360153348394,0.0,0.360578612624,0.0325141697632,1.22707098393e-05,0.570879612063
913.0,0.0356607392485,0.0,0.364408006194,0.03241067487,1.22526170589e-05,0.567508327071
914.0,0.0353124764191,0.0,0.368230915221,0.0323097271309,1.22355191325e-05,0.56413464571
915.0,0.0349821260891,0.0,0.371957408097,0.0322121092064,1.22188921e-05,0.560836137715
916.0,0.0346565078124,0.0,0.375669295832,0.0321174740532,1.22033559653e-05,0.557544518946
917.0,0.0343460577145,0.0,0.37926095791,0.0320272146537,1.2188644742e-05,0.554353581077
918.0,0.0340444875712,0.0,0.382880376222,0.0319396749456,1.21748811085e-05,0.55112328638
919.0,0.0337688416612,0.0,0.386349660705,0.0318609694582,1.2163647497e-05,0.548008364529
920.0,0.0334877241114,0.0,0.389808467152,0.031787004468,1.21536976656e-05,0.544904650572
921.0,0.0332344018197,0.0,0.393101230004,0.0317206247328,1.21459072233e-05,0.541931597536
922.0,0.0329856590319,0.0,0.396425020307,0.0316539289649,1.21381912348e-05,0.538923253505
923.0,0.032750079073,0.0,0.39954342427,0.0315956664946,1.21325371462e-05,0.536098697626
924.0,0.0325190591601,0.0,0.402665223074,0.0315390650595,1.2127477684e-05,0.533264525229
925.0,0.0323016957333,0.0,0.405593996147,0.0314887521743,1.21239623265e-05,0.530603431983
926.0,0.0320891883216,0.0,0.408526409448,0.0314411567978,1.21213936982e-05,0.527931124039
927.0,0.031889149756,0.0,0.411253612345,0.0314014017438,1.21209216805e-05,0.525443715233
928.0,0.031693771097,0.0,0.413977635155,0.0313637234283,1.21210646742e-05,0.522952749255
929.0,0.0315188451907,0.0,0.416496988778,0.0313348044866,1.21239080197e-05,0.520637237637
930.0,0.0313491030395,0.0,0.418990273186,0.0313061023693,1.21267833525e-05,0.518342394622
931.0,0.031188972362,0.0,0.421281452615,0.0312875061647,1.21325666245e-05,0.516229936292
932.0,0.031021353607,0.0,0.423556972358,0.0312709713965,1.21387793014e-05,0.514138563859
933.0,0.0308723681176,0.0,0.425572087398,0.0312628087598,1.214761405e-05,0.512280588111
934.0,0.0307380018054,0.0,0.42760396923,0.0312575654489,1.21576318072e-05,0.510388305884
935.0,0.0306013951598,0.0,0.429385161402,0.0312624002421,1.21703834062e-05,0.508738872813
936.0,0.0304675041379,0.0,0.431174505246,0.0312665782129,1.21829084219e-05,0.507079229495
937.0,0.0303519508749,0.0,0.432701773207,0.0312841061638,1.21997596251e-05,0.505649969995
938.0,0.0302390620278,0.0,0.434236125148,0.0313020600538,1.22167521087e-05,0.504210536018
939.0,0.0301210336358,0.0,0.435505499649,0.0313301933761,1.22366102395e-05,0.503031036729
940.0,0.0300160558958,0.0,0.436781477679,0.0313601702414,1.22572098626e-05,0.501830038974
941.0,0.0299162774591,0.0,0.437795285096,0.0314003511284,1.22810707133e-05,0.500875805246
942.0,0.0298274462638,0.0,0.438794728142,0.0314435449219,1.23059923055e-05,0.49992197468
943.0,0.0297342781107,0.0,0.439533214469,0.0314985123627,1.23345233036e-05,0.499221660535
944.0,0.0296532042647,0.0,0.440288220877,0.0315531721593,1.23631315323e-05,0.498493039568
945.0,0.0295661370863,0.0,0.44077590524,0.0316205040188,1.23954856674e-05,0.49802505817
946.0,0.0294905647299,0.0,0.441251755786,0.031689820833,1.24287339985e-05,0.497555429917
947.0,0.0294194771311,0.0,0.441475561224,0.0317702746142,1.24656951369e-05,0.497322221336
948.0,0.0293514504608,0.0,0.441708058596,0.031852798178,1.25032151235e-05,0.49707518955
949.0,0.0292852017862,0.0,0.441656388953,0.0319486917276,1.25451316203e-05,0.497097172401
950.0,0.0292208431056,0.0,0.441613065685,0.032043988151,1.25868425749e-05,0.497109516216
951.0,0.0291671816078,0.0,0.441276408129,0.0321536216586,1.26334408418e-05,0.497390155164
952.0,0.0291105866703,0.0,0.441797925401,0.0322309248494,1.266902922e-05,0.49684789405
953.0,0.029058228859,0.0,0.439789623311,0.0324110367792,1.27391237945e-05,0.498728371927
954.0,0.0290163983605,0.0,0.440336094944,0.0324957728584,1.27771629299e-05,0.498138956675
955.0,0.0289712573974,0.0,0.438334713944,0.0326951509054,1.28529606657e-05,0.499986024792
956.0,0.0289368862683,0.0,0.438902459331,0.0327927482501,1.28947672127e-05,0.499355011383
957.0,0.0289055212334,0.0,0.436911537571,0.0329961666914,1.29720403471e-05,0.501173802464
958.0,0.0288702910872,0.0,0.43492542514,0.0332012913806,1.30495341587e-05,0.502989942858
959.0,0.0288537754199,0.0,0.435543265607,0.0333052403804,1.30937973394e-05,0.502284624795
960.0,0.0288335114067,0.0,0.433565245728,0.0335143474251,1.31728332265e-05,0.504073722607
961.0,0.0288153175025,0.0,0.431588405667,0.0337277272714,1.32533274535e-05,0.505855296232
962.0,0.0288026026201,0.0,0.429613283,0.0339441211152,1.33347187183e-05,0.507626658546
963.0,0.0287947772801,0.0,0.427638231618,0.0341621148983,1.34168387699e-05,0.509391459364
964.0,0.0287907071773,0.0,0.425662223957,0.034384562877,1.35002145734e-05,0.511149005774
965.0,0.02879873138,0.0,0.42368218425,0.0346083347862,1.35844096317e-05,0.512897165174
966.0,0.0288124093503,0.0,0.421695506627,0.0348362867839,1.36697280111e-05,0.514642127511
967.0,0.028832380014,0.0,0.419720656219,0.0350669702312,1.37562431372e-05,0.516366237293
968.0,0.0288590227867,0.0,0.417735317605,0.0353016783684,1.38438599868e-05,0.51809013738
969.0,0.0288922659651,0.0,0.415758434852,0.0355389776489,1.39324917167e-05,0.519796389042
970.0,0.0289332125571,0.0,0.413771685658,0.0357806029185,1.40223616218e-05,0.521500476505
971.0,0.0289889594436,0.0,0.41178618765,0.0360259114696,1.4113788388e-05,0.523184827649
972.0,0.0290457832397,0.0,0.406941260251,0.0363905177817,1.42443125045e-05,0.527608194415
973.0,0.029118279088,0.0,0.404934449822,0.0366445217524,1.43385016567e-05,0.529288410836
974.0,0.0291990124464,0.0,0.402634361449,0.0369129213209,1.44372538641e-05,0.53123926753
975.0,0.0292911204121,0.0,0.399740506303,0.0372109786669,1.45458500367e-05,0.533742848768
976.0,0.0293998325636,0.0,0.396523660743,0.0375239232251,1.46593273679e-05,0.536537924141
977.0,0.0295141901229,0.0,0.393598100139,0.0378325543789,1.47712018799e-05,0.539040384157
978.0,0.0296463877737,0.0,0.390337754817,0.03815606243,1.48879204043e-05,0.541844907059
979.0,0.0297934759506,0.0,0.387065155812,0.0384877208096,1.50073551086e-05,0.544638640072
980.0,0.0299540293015,0.0,0.383442078518,0.0388365275425,1.51320720079e-05,0.547752232566
981.0,0.0301388775921,0.0,0.380102608096,0.0391772161455,1.52544412351e-05,0.550566043725
982.0,0.0303321224592,0.0,0.376418182816,0.0395385437972,1.53830017392e-05,0.553695767926
983.0,0.030550510059,0.0,0.37301706214,0.039891373613,1.55089951787e-05,0.556525545193
984.0,0.0307866897833,0.0,0.36925636217,0.0402650635112,1.56414441397e-05,0.559676243091
985.0,0.0310444101637,0.0,0.365460199245,0.0406441144896,1.57756253331e-05,0.562835500476
986.0,0.0313259793963,0.0,0.361617300274,0.0410312247381,1.59122221124e-05,0.566009583369
987.0,0.0316259537508,0.0,0.357742181149,0.0414264515231,1.60511601509e-05,0.569189362417
988.0,0.0319549925988,0.0,0.353802313381,0.0418251136219,1.61911202248e-05,0.572401389278
989.0,0.0323097926043,0.0,0.349832021327,0.0422344314294,1.63343460485e-05,0.575607420294
990.0,0.0326872919469,0.0,0.345800530735,0.0426484146708,1.64787143209e-05,0.578847283933
991.0,0.0330944775965,0.0,0.341725378752,0.0430724616739,1.66261229212e-05,0.582091055855
992.0,0.033536046662,0.0,0.337592041515,0.0435035891058,1.67756887985e-05,0.585351547029
993.0,0.0340031732245,0.0,0.33340676032,0.0439407014556,1.69268466912e-05,0.588632438153
994.0,0.0345062433192,0.0,0.329158543395,0.0443873715977,1.70808518769e-05,0.591930760836
995.0,0.0350514116563,0.0,0.324850812589,0.044842217278,1.72374211173e-05,0.595238321055
996.0,0.0356210399925,0.0,0.320478359827,0.0453055119385,1.73960671064e-05,0.598577692175
997.0,0.0362323372374,0.0,0.316042769334,0.0457777709245,1.75573030312e-05,0.601929565201
998.0,0.0368840431707,0.0,0.311526376806,0.046257216181,1.77205819275e-05,0.605314643261
999.0,0.0375753924209,0.0,0.307343792775,0.0467310234947,1.78817232164e-05,0.608331909586
1000.0,0.0383508846114,0.0,0.302691529729,0.0472292347922,1.80514371628e-05,0.61171029943
1001.0,0.0391858473852,0.0,0.298368358636,0.0477201623302,1.82188741695e-05,0.614707412774
1002.0,0.0400602326495,0.0,0.293564420338,0.0482370966538,1.8393898409e-05,0.61811985646
1003.0,0.0409909909863,0.0,0.289092074429,0.0487462458777,1.85662323519e-05,0.621152122475
1004.0,0.0419591607135,0.0,0.284539289149,0.0492643959975,1.87406842015e-05,0.624218413455
1005.0,0.0429909074566,0.0,0.279906550558,0.0497914805993,1.89177254346e-05,0.627292143661
1006.0,0.0440638374869,0.0,0.275186289777,0.0503274589799,1.90968399342e-05,0.630403316916
1007.0,0.0451989630522,0.0,0.270814863109,0.0508540228916,1.92726548149e-05,0.633112878292
1008.0,0.046387930661,0.0,0.265924888542,0.0514089735248,1.94567266851e-05,0.636258750545
1009.0,0.0476397078346,0.0,0.261385422024,0.0519533675669,1.96370890776e-05,0.639001865485
1010.0,0.0489409040953,0.0,0.25675853741,0.0525066531469,1.9819472461e-05,0.641774085876
1011.0,0.0503178586965,0.0,0.252040556992,0.0530682263465,2.0004090848e-05,0.644553353874
1012.0,0.0517480527062,0.0,0.247231059052,0.0536392661237,2.01908957217e-05,0.647361431222
1013.0,0.053247279669,0.0,0.242795356954,0.0541979360667,2.03733432294e-05,0.649739053968
1014.0,0.0548150985452,0.0,0.237794771386,0.0547861724262,2.05643069972e-05,0.652583393336
1015.0,0.0564532901612,0.0,0.233170050524,0.0553602961173,2.07503136714e-05,0.654995612884
1016.0,0.0581513039315,0.0,0.228453156899,0.055943129276,2.09382129751e-05,0.65743147168
1017.0,0.0599239868655,0.0,0.224137260471,0.0565115929802,2.11210800449e-05,0.659406038604
1018.0,0.0617694562193,0.0,0.219226109623,0.0571090335456,2.13121953476e-05,0.661874088417
1019.0,0.0636925630873,0.0,0.214722668326,0.057691326502,2.14979794023e-05,0.663871944105
1020.0,0.065678273304,0.0,0.210121935572,0.0582793116122,2.16846404878e-05,0.665898794871
1021.0,0.0677476845294,0.0,0.205427343942,0.0588743947735,2.18727757475e-05,0.667928703979
1022.0,0.0699085353465,0.0,0.200630219082,0.0594753001539,2.20621490307e-05,0.669963883269
1023.0,0.0721181617053,0.0,0.196268073795,0.0600573863293,2.22446526268e-05,0.671534133518
1024.0,0.0744242153776,0.0,0.191811442575,0.0606435975705,2.24278128786e-05,0.673098316664
1025.0,0.0768010967208,0.0,0.18726264666,0.0612349602211,2.26116142513e-05,0.674678684784
1026.0,0.0792711197139,0.0,0.182612586755,0.0618294178475,2.27957187044e-05,0.676264079965
1027.0,0.0818252368874,0.0,0.177869315146,0.0624293359433,2.2980510007e-05,0.677853131513
1028.0,0.0844412899837,0.0,0.173590584646,0.0630021168443,2.31561614171e-05,0.678942852365
1029.0,0.0871364916953,0.0,0.169224257621,0.0635802079601,2.33323816848e-05,0.680035710342
1030.0,0.089929115951,0.0,0.164764725364,0.0641593293585,2.3508226369e-05,0.6811233211
1031.0,0.0927913019618,0.0,0.160212679371,0.0647402594482,2.36836208131e-05,0.682232075598
1032.0,0.0957263475262,0.0,0.156163788938,0.0652936162022,2.38495891978e-05,0.682792397744
1033.0,0.0987326056262,0.0,0.152032277732,0.0658461994519,2.40142395751e-05,0.68336490295
1034.0,0.101857731833,0.0,0.147820252145,0.0663726897095,2.41712710066e-05,0.683925155041
1035.0,0.105056326096,0.0,0.143524619015,0.0668926914054,2.43256025412e-05,0.684502037881
1036.0,0.108354517649,0.0,0.139140559881,0.0674067876649,2.4477374019e-05,0.685073657431
1037.0,0.111685385842,0.0,0.135302639385,0.0678883127329,2.461788212e-05,0.685099044157
1038.0,0.115107845762,0.0,0.131386315299,0.068365814945,2.47564012015e-05,0.685115267593
1039.0,0.118602005616,0.0,0.127398785363,0.0688375534519,2.48920918795e-05,0.685136763477
1040.0,0.122186800799,0.0,0.123333314304,0.0693021896586,2.50248193184e-05,0.685152670419
1041.0,0.125830599676,0.0,0.119193659243,0.0697611766172,2.51547908078e-05,0.685189409673
1042.0,0.129519914614,0.0,0.115637977384,0.0701819098056,2.52719579165e-05,0.684634926238
1043.0,0.133256445209,0.0,0.11202140453,0.0705931683931,2.53852485603e-05,0.684103596619
1044.0,0.137141915959,0.0,0.107667056906,0.0710274628123,2.55048931129e-05,0.684138059429
1045.0,0.140955931389,0.0,0.104598114218,0.0713896087019,2.56010677478e-05,0.683030744623
1046.0,0.144915552189,0.0,0.100791797769,0.0717699135677,2.57020621452e-05,0.682497034412
1047.0,0.148917094269,0.0,0.0969262726171,0.0721407610305,2.57991598109e-05,0.681990072924
1048.0,0.152928503933,0.0,0.0936943301468,0.0724677431526,2.58818157937e-05,0.680883540951
1049.0,0.156971630131,0.0,0.0904148731567,0.0727806720364,2.59591752786e-05,0.6798068655
1050.0,0.161085643058,0.0,0.0870864137117,0.0730790261229,2.60311921521e-05,0.678722885916
1051.0,0.165218058256,0.0,0.0837116292944,0.0733639539877,2.60981604442e-05,0.677680260302
1052.0,0.169416010635,0.0,0.0802910573313,0.0736367509566,2.61605737494e-05,0.676630020503
1053.0,0.173560846306,0.0,0.0775447096177,0.0738577777697,2.62059337748e-05,0.675010460373
1054.0,0.177902221715,0.0,0.0743328112808,0.0740852281725,2.62529504734e-05,0.673653485881
1055.0,0.182387823893,0.0,0.0713767409122,0.0742895624061,2.62925747767e-05,0.671919580214
1056.0,0.186880230785,0.0,0.0684607057161,0.0744715405137,2.63242806292e-05,0.670161198704
1057.0,0.191407114938,0.0,0.0656576511165,0.0746273816086,2.63470394292e-05,0.668281505298
1058.0,0.195940418758,0.0,0.0628983619749,0.0747630769105,2.6362729165e-05,0.666371779627
1059.0,0.200475309347,0.0,0.060260602578,0.0748717011088,2.63692141653e-05,0.664366017752
1060.0,0.205017273378,0.0,0.0575993310222,0.0749614588733,2.63691373189e-05,0.662395567589
1061.0,0.209617560219,0.0,0.0551368796068,0.07501924161,2.63584378666e-05,0.660199960127
1062.0,0.214195187255,0.0,0.0526559848376,0.0750610684927,2.63420347185e-05,0.65806141738
1063.0,0.218766924162,0.0,0.0503066222233,0.0750735013032,2.63159383193e-05,0.655826636373
1064.0,0.223336161776,0.0,0.0479413597637,0.0750644250469,2.62823822395e-05,0.653631771031
1065.0,0.227824136532,0.0,0.0457880797064,0.0750292372558,2.6240209317e-05,0.651332306296
1066.0,0.232325789633,0.0,0.0435484155484,0.0749739834042,2.61912627975e-05,0.649125620152
1067.0,0.236837770542,0.0,0.0415243719121,0.0748890880488,2.61325190917e-05,0.646722636978
1068.0,0.241317217446,0.0,0.0394932030976,0.074787251197,2.60680719197e-05,0.644376260188
1069.0,0.245774239394,0.0,0.0375297505209,0.0746576938938,2.59945298903e-05,0.642012321661
1070.0,0.250155548973,0.0,0.0356374741652,0.0745059009856,2.59136236085e-05,0.639675162252
1071.0,0.254488199282,0.0,0.0338911008322,0.0743267338614,2.58238918492e-05,0.637268142132
1072.0,0.258749578503,0.0,0.0321429560226,0.0741306622102,2.57284696759e-05,0.634951074795
1073.0,0.262981504504,0.0,0.0305425928704,0.0739039566215,2.56232370022e-05,0.632546322767
1074.0,0.267172754115,0.0,0.0288675146845,0.0736599479682,2.55121920006e-05,0.63027427104
1075.0,0.271285475193,0.0,0.0274170387905,0.0733888640718,2.53925774137e-05,0.627883229367
1076.0,0.275312698662,0.0,0.0258954640675,0.073102595326,2.52681290427e-05,0.625663973816
1077.0,0.279279299838,0.0,0.0245243894766,0.0727886656136,2.51347388091e-05,0.623382510333
1078.0,0.2831513176,0.0,0.0232314037827,0.0724579162875,2.49961310091e-05,0.621134366199
1079.0,0.286945397018,0.0,0.0219430471608,0.0721106870985,2.48520330707e-05,0.618976016689
1080.0,0.290761479092,0.0,0.0207329968375,0.0717454611723,2.4702219802e-05,0.616735360678
1081.0,0.294474241032,0.0,0.0196019733358,0.0713630479729,2.45471831168e-05,0.614536190476
1082.0,0.298108651952,0.0,0.0184763677053,0.0709625304702,2.43863304754e-05,0.612428063542
1083.0,0.301616345461,0.0,0.0175024045277,0.0705434227645,2.4219953111e-05,0.610313607294
1084.0,0.30504943279,0.0,0.0164624171514,0.0701116571765,2.40496229534e-05,0.608352443259
1085.0,0.308355678706,0.0,0.0155730671031,0.0696590900179,2.38730425794e-05,0.60638829113
1086.0,0.31162422294,0.0,0.0146901162348,0.0691948552147,2.36929299087e-05,0.60446711268
1087.0,0.314836690149,0.0,0.0138842880883,0.0687125805787,2.35072951436e-05,0.602542933888
1088.0,0.317917067581,0.0,0.0130858565348,0.0682209919348,2.33191082174e-05,0.600752764841
1089.0,0.320912135456,0.0,0.012364055838,0.0677132948683,2.31260511827e-05,0.598987387787
1090.0,0.323772812039,0.0,0.0116496115061,0.0671976875738,2.29309456085e-05,0.597356957936
1091.0,0.32655473817,0.0,0.0109424689405,0.0666710057136,2.27327627864e-05,0.595809054413
1092.0,0.329277381267,0.0,0.0103107156863,0.0661311391654,2.253061699e-05,0.594258233265
1093.0,0.331930850311,0.0,0.00975388323214,0.0655809457541,2.23256689335e-05,0.592711995034
1094.0,0.334522582083,0.0,0.00913561166695,0.0650225184492,2.2118367441e-05,0.591297169433
1095.0,0.336989397473,0.0,0.00859198805573,0.06445632706,2.1909176125e-05,0.589940378235
1096.0,0.339306209347,0.0,0.00812155594153,0.0638820840028,2.16979540975e-05,0.588668452755
1097.0,0.341557277691,0.0,0.00759119250334,0.0633039254188,2.1485944112e-05,0.587526118442
1098.0,0.343687421734,0.0,0.0071332638077,0.0627159801419,2.12713226551e-05,0.586442062994
1099.0,0.345781301162,0.0,0.00674578851084,0.0621196668014,2.10544051236e-05,0.585332189121
1100.0,0.347778712583,0.0,0.00631257631845,0.0615227284372,2.0837838357e-05,0.584365144823
1101.0,0.34966036068,0.0,0.00593022879764,0.0609214946302,2.06205108211e-05,0.583467295381
1102.0,0.351437077144,0.0,0.00555985070848,0.0603171357139,2.04027217999e-05,0.582665533712
1103.0,0.353103249223,0.0,0.00522623042075,0.0597089305224,2.01842478379e-05,0.581941405586
1104.0,0.354670283707,0.0,0.0048917092184,0.0590984707504,1.99656465086e-05,0.581319570677
1105.0,0.356255429708,0.0,0.00459271801267,0.0584830023022,1.9745805916e-05,0.580649104171
1106.0,0.357740838938,0.0,0.00429857242478,0.0578666400659,1.95262274506e-05,0.580074422344
1107.0,0.359090813573,0.0,0.00403337561864,0.0572503438878,1.9307320658e-05,0.5796061596
1108.0,0.36037341563,0.0,0.0037666995442,0.0566344383169,1.90890765844e-05,0.579206357432
1109.0,0.361550451347,0.0,0.00353399168309,0.0560180758686,1.88712689815e-05,0.578878609832
1110.0,0.362607067521,0.0,0.00330547017114,0.055405320915,1.86552941075e-05,0.578663486099
1111.0,0.363693730338,0.0,0.00309227180256,0.05478848491,1.8438394873e-05,0.578407074555
1112.0,0.364679790428,0.0,0.00288849346909,0.0541727588245,1.8222351882e-05,0.578240734927
1113.0,0.36560155087,0.0,0.00270542044624,0.0535602356118,1.80079192741e-05,0.578114785152
1114.0,0.366429076362,0.0,0.00252564938786,0.0529490270092,1.77944368587e-05,0.578078452804
1115.0,0.367165692646,0.0,0.00236590564303,0.052342775388,1.75831958542e-05,0.578108043127
1116.0,0.367817452411,0.0,0.00220369924402,0.0517400935092,1.73736548297e-05,0.578221381181
1117.0,0.368421213536,0.0,0.0020660982588,0.0511380412907,1.71647881313e-05,0.578357482127
1118.0,0.369073346125,0.0,0.00192558800719,0.0505332275674,1.69553600575e-05,0.57845088294
1119.0,0.369615195897,0.0,0.0017984318455,0.0499349763182,1.67486388128e-05,0.5786346473
1120.0,0.370071251552,0.0,0.00167379974633,0.0493414058868,1.65439776021e-05,0.578896998837
1121.0,0.370445976406,0.0,0.00156720922907,0.0487543293764,1.63420099115e-05,0.579216142979
1122.0,0.370746245458,0.0,0.00145757406429,0.0481703864564,1.61414844986e-05,0.579609652536
1123.0,0.371017715546,0.0,0.00136027932119,0.0475924934945,1.59434183021e-05,0.58001356822
1124.0,0.371279084696,0.0,0.0012698195531,0.0470132218757,1.57451873484e-05,0.580422128688
1125.0,0.3714713119,0.0,0.0011862036677,0.0464432884805,1.5550522863e-05,0.580883645429
1126.0,0.37158567104,0.0,0.00110424825003,0.0458768902488,1.53574353207e-05,0.581417833026
1127.0,0.371630765731,0.0,0.00102884050638,0.0453174205505,1.5167095254e-05,0.582007806117
1128.0,0.37160822904,0.0,0.000955033646429,0.0447763845383,1.49828494778e-05,0.582645369926
1129.0,0.371545719254,0.0,0.000892183280278,0.0442432472942,1.48015007777e-05,0.58330404867
1130.0,0.371533486532,0.0,0.00083049778853,0.0437067305327,1.46193131954e-05,0.583914665834
1131.0,0.371457989247,0.0,0.000774760515742,0.0431784542214,1.4440287147e-05,0.584574355728
1132.0,0.371337315555,0.0,0.000720182759846,0.0426547371051,1.42631395011e-05,0.585273501441
1133.0,0.371157073058,0.0,0.000671285487092,0.0421395006692,1.40891837759e-05,0.586018051602
1134.0,0.370912513179,0.0,0.000623432243488,0.0416294936696,1.3917343504e-05,0.586820643565
1135.0,0.370610412976,0.0,0.000581014875878,0.041126723937,1.37483000294e-05,0.587668099911
1136.0,0.370340187468,0.0,0.000539438077104,0.0406265630861,1.35803236153e-05,0.588480231045
1137.0,0.37007032055,0.0,0.000503045140177,0.040131021597,1.34141909434e-05,0.589282198522
1138.0,0.369740988789,0.0,0.000467432795771,0.0396415303935,1.32503742319e-05,0.590136797647
1139.0,0.36935839656,0.0,0.000432600705411,0.0391608322653,1.30898306121e-05,0.591035080639
1140.0,0.368921759346,0.0,0.000402262628278,0.0386856533737,1.29314412813e-05,0.591977393211
1141.0,0.368434887321,0.0,0.000374635307517,0.0382175498087,1.27756903082e-05,0.592960151872
1142.0,0.367976137748,0.0,0.000347576821094,0.0377542796444,1.26217176362e-05,0.593909384068
1143.0,0.367523507771,0.0,0.00032349897343,0.0372952928307,1.24693987658e-05,0.594845231026
1144.0,0.367021218176,0.0,0.000299945828025,0.0368433346139,1.23196819204e-05,0.5958231817
1145.0,0.366498120414,0.0,0.000279255820935,0.0363983643894,1.21725326506e-05,0.596812086843
1146.0,0.365903082493,0.0,0.000258631146492,0.0359618614755,1.20285071169e-05,0.597864396377
1147.0,0.365262952193,0.0,0.000240750338533,0.0355309826703,1.18866054546e-05,0.598953428193
1148.0,0.364609970065,0.0,0.000223246285462,0.0351055165808,1.17466977043e-05,0.600049520371
1149.0,0.364078003238,0.0,0.000207570938105,0.0346800238008,1.16068658692e-05,0.601022795157
1150.0,0.363480077131,0.0,0.000192245983869,0.0342617896157,1.14697488292e-05,0.602054417521
1151.0,0.362840108026,0.0,0.000178717315726,0.033850360344,1.13350887762e-05,0.603119479225
1152.0,0.362156722846,0.0,0.000165482417883,0.0334465913125,1.12032061226e-05,0.604220000217
1153.0,0.361434407859,0.0,0.000153965831138,0.0330491513471,1.10736468316e-05,0.605351401316
1154.0,0.360685604841,0.0,0.00014269447831,0.032657657808,1.09462532913e-05,0.60650309662
1155.0,0.360042215602,0.0,0.000132339432696,0.0322676859905,1.0819403468e-05,0.607546939571
1156.0,0.359369671614,0.0,0.000122552754265,0.0318826970043,1.06944155112e-05,0.608614384212
1157.0,0.358642271062,0.0,0.000114004858307,0.0315049011248,1.05720166599e-05,0.609728250938
1158.0,0.357890943272,0.0,0.000105303202789,0.0311337495714,1.04519893018e-05,0.610859551965
1159.0,0.357100140698,0.0,9.81236931939e-05,0.0307698119367,1.03345428327e-05,0.612021589129
1160.0,0.356261647434,0.0,9.07696316031e-05,0.0304120169348,1.02193119893e-05,0.613225346687
1161.0,0.355551251319,0.0,8.42065872061e-05,0.0300539266055,1.0103993898e-05,0.614300511495
1162.0,0.354815700287,0.0,7.77843939808e-05,0.0297032111031,9.99127171175e-06,0.615393312944
1163.0,0.354054988539,0.0,7.24554564605e-05,0.0293567322544,9.88010157243e-06,0.616505943649
1164.0,0.353253887376,0.0,6.69250998894e-05,0.029016945464,9.77132369595e-06,0.617652470736
1165.0,0.352407199975,0.0,6.21386044645e-05,0.0286852498203,9.66536642644e-06,0.618835746234
1166.0,0.351538557577,0.0,5.74511564667e-05,0.0283575867188,9.56087220794e-06,0.620036843675
1167.0,0.350748285554,0.0,5.34650902905e-05,0.0280315777597,9.45697870092e-06,0.621157214617
1168.0,0.349992553728,0.0,4.92576414932e-05,0.0277107842593,9.35487683684e-06,0.622238049494
1169.0,0.349211070008,0.0,4.57364457121e-05,0.027394665219,9.25446696465e-06,0.62333927386
1170.0,0.3483747146,0.0,4.22894943382e-05,0.0270845982416,9.15620380171e-06,0.62448924146
1171.0,0.347517730944,0.0,3.92064466896e-05,0.0267798596348,9.05980610688e-06,0.625654143168
1172.0,0.346613281822,0.0,3.61882330819e-05,0.02648246242,8.96595737909e-06,0.626859101567
1173.0,0.345778490782,0.0,3.38009612746e-05,0.0261865514317,8.87263870974e-06,0.627992284186
1174.0,0.345010836527,0.0,3.11746904284e-05,0.0258920693607,8.77984033121e-06,0.629057139581
1175.0,0.344207742304,0.0,2.88837437761e-05,0.0256044430917,8.68941068821e-06,0.630150241449
1176.0,0.343370549855,0.0,2.66680236255e-05,0.0253219052178,8.60077976561e-06,0.631272276124
1177.0,0.342494245557,0.0,2.47444361704e-05,0.0250442135822,8.51384590417e-06,0.632428282579
1178.0,0.341598655223,0.0,2.285967356e-05,0.0247722865888,8.42889865815e-06,0.633597769616
1179.0,0.340700376289,0.0,2.12004054315e-05,0.024504034155,8.34523020488e-06,0.634766043921
1180.0,0.339944937387,0.0,1.95703244998e-05,0.0242357198084,8.26153656364e-06,0.635791510944
1181.0,0.339139918184,0.0,1.81584571107e-05,0.0239774326542,8.18069119335e-06,0.636856310014
1182.0,0.338324208518,0.0,1.6776298614e-05,0.023739869686,8.10438087206e-06,0.637911041116
1183.0,0.33747437284,0.0,1.55507836267e-05,0.0235064490661,8.02958143631e-06,0.638995597729
1184.0,0.336585373957,0.0,1.43491079385e-05,0.0232777213263,7.95644736007e-06,0.640114599161
1185.0,0.335669634605,0.0,1.33229447476e-05,0.0230537566175,7.8849909646e-06,0.641255400842
1186.0,0.334941311945,0.0,1.22877800845e-05,0.0228271115948,7.8127287918e-06,0.642211475951
1187.0,0.334183154781,0.0,1.13971936729e-05,0.0226050128422,7.74205560505e-06,0.643192693127
1188.0,0.333386821483,0.0,1.05240160791e-05,0.0223873009801,7.67294923143e-06,0.644207680571
1189.0,0.332543825072,0.0,9.76501208013e-06,0.0221735160147,7.60526942933e-06,0.645265288632
1190.0,0.331659372296,0.0,8.99664762478e-06,0.0219645784903,7.53927339203e-06,0.646359513292
1191.0,0.330746947696,0.0,8.33821171133e-06,0.021758996448,7.47447414018e-06,0.64747824317
1192.0,0.330005636159,0.0,7.69008002581e-06,0.0215510062503,7.40897955054e-06,0.648428258531
1193.0,0.329278739491,0.0,7.14757208397e-06,0.0213461544366,7.34460888008e-06,0.649360613892
1194.0,0.328502481786,0.0,6.59231937743e-06,0.0211456211546,7.28175207754e-06,0.650338022988
1195.0,0.327677957549,0.0,6.09353431417e-06,0.020948905264,7.22026401545e-06,0.651359823389
1196.0,0.326812004275,0.0,5.62687663618e-06,0.0207560872016,7.16013263391e-06,0.652419121514
1197.0,0.325920925635,0.0,5.21403733611e-06,0.0205672496008,7.10138563187e-06,0.653499509341
1198.0,0.325168375264,0.0,4.8079592457e-06,0.0203784015011,7.04264475049e-06,0.65444137263
1199.0,0.324459227453,0.0,4.45336385441e-06,0.0201918707268,6.98472145277e-06,0.655337463735
1200.0,0.323710923159,0.0,4.10533397077e-06,0.0200090652416,6.92809218883e-06,0.656268978174
