Wavelength (nm),Global tilt  mW*cm-2*nm-1 (1sun AM 1.5)
280.0,4.7309E-24
280.5,1.2307E-22
281.0,5.6895E-22
281.5,1.5662E-20
282.0,1.1946E-19
282.5,4.5436E-19
283.0,1.8452E-18
283.5,3.5360E-18
284.0,7.2670E-17
284.5,2.4856E-16
285.0,8.0142E-16
285.5,4.2613E-15
286.0,1.3684E-14
286.5,8.3823E-14
287.0,2.7367E-13
287.5,1.0903E-12
288.0,6.2337E-12
288.5,1.7162E-11
289.0,5.6265E-11
289.5,2.0749E-10
290.0,6.0168E-10
290.5,1.3783E-09
291.0,3.5052E-09
291.5,1.0913E-08
292.0,2.6830E-08
292.5,4.2685E-08
293.0,8.6466E-08
293.5,2.2707E-07
294.0,4.1744E-07
294.5,6.5911E-07
295.0,1.2290E-06
295.5,2.7826E-06
296.0,4.7904E-06
296.5,7.1345E-06
297.0,9.6800E-06
297.5,1.8608E-05
298.0,2.8988E-05
298.5,3.5789E-05
299.0,4.9211E-05
299.5,8.6068E-05
300.0,1.0205E-04
300.5,1.2450E-04
301.0,1.9300E-04
301.5,2.6914E-04
302.0,2.9209E-04
302.5,4.2840E-04
303.0,7.0945E-04
303.5,8.9795E-04
304.0,9.4701E-04
304.5,1.1953E-03
305.0,1.6463E-03
305.5,1.8719E-03
306.0,1.8577E-03
306.5,2.1108E-03
307.0,2.7849E-03
307.5,3.5635E-03
308.0,3.7837E-03
308.5,4.1430E-03
309.0,4.0534E-03
309.5,4.3306E-03
310.0,5.0939E-03
310.5,6.5540E-03
311.0,8.2922E-03
311.5,8.4080E-03
312.0,9.3376E-03
312.5,9.8984E-03
313.0,1.0733E-02
313.5,1.0757E-02
314.0,1.1969E-02
314.5,1.3060E-02
315.0,1.3625E-02
315.5,1.1838E-02
316.0,1.2348E-02
316.5,1.5036E-02
317.0,1.7158E-02
317.5,1.8245E-02
318.0,1.7594E-02
318.5,1.8591E-02
319.0,2.0470E-02
319.5,1.9589E-02
320.0,2.0527E-02
320.5,2.4525E-02
321.0,2.5024E-02
321.5,2.3843E-02
322.0,2.2203E-02
322.5,2.1709E-02
323.0,2.1226E-02
323.5,2.4861E-02
324.0,2.7537E-02
324.5,2.8321E-02
325.0,2.7894E-02
325.5,3.2436E-02
326.0,3.8120E-02
326.5,4.0722E-02
327.0,3.9806E-02
327.5,3.8465E-02
328.0,3.5116E-02
328.5,3.7164E-02
329.0,4.2235E-02
329.5,4.6878E-02
330.0,4.7139E-02
330.5,4.2800E-02
331.0,4.0262E-02
331.5,4.1806E-02
332.0,4.3623E-02
332.5,4.3919E-02
333.0,4.2944E-02
333.5,4.0724E-02
334.0,4.1497E-02
334.5,4.4509E-02
335.0,4.6388E-02
335.5,4.5313E-02
336.0,4.1519E-02
336.5,3.8214E-02
337.0,3.7380E-02
337.5,4.0051E-02
338.0,4.3411E-02
338.5,4.5527E-02
339.0,4.6355E-02
339.5,4.7446E-02
340.0,5.0180E-02
340.5,5.0071E-02
341.0,4.7139E-02
341.5,4.6935E-02
342.0,4.8934E-02
342.5,5.0767E-02
343.0,5.1489E-02
343.5,4.8609E-02
344.0,4.1843E-02
344.5,4.0307E-02
345.0,4.5898E-02
345.5,4.8932E-02
346.0,4.7778E-02
346.5,4.8657E-02
347.0,4.9404E-02
347.5,4.7674E-02
348.0,4.7511E-02
348.5,4.8336E-02
349.0,4.6564E-02
349.5,4.7805E-02
350.0,5.2798E-02
350.5,5.6741E-02
351.0,5.5172E-02
351.5,5.3022E-02
352.0,5.1791E-02
352.5,4.8962E-02
353.0,5.2040E-02
353.5,5.7228E-02
354.0,6.0498E-02
354.5,6.1156E-02
355.0,6.1140E-02
355.5,5.9028E-02
356.0,5.5387E-02
356.5,5.1942E-02
357.0,4.5673E-02
357.5,4.6215E-02
358.0,4.3006E-02
358.5,3.9926E-02
359.0,4.6953E-02
359.5,5.6549E-02
360.0,5.9817E-02
360.5,5.6531E-02
361.0,5.2024E-02
361.5,5.0956E-02
362.0,5.3420E-02
362.5,5.8510E-02
363.0,6.0191E-02
363.5,5.8541E-02
364.0,6.0628E-02
364.5,6.0058E-02
365.0,6.2359E-02
365.5,6.8628E-02
366.0,7.3532E-02
366.5,7.3658E-02
367.0,7.2285E-02
367.5,7.0914E-02
368.0,6.6759E-02
368.5,6.6310E-02
369.0,6.9315E-02
369.5,7.4469E-02
370.0,7.5507E-02
370.5,6.8261E-02
371.0,6.9338E-02
371.5,7.2051E-02
372.0,6.7444E-02
372.5,6.4253E-02
373.0,6.1886E-02
373.5,5.5786E-02
374.0,5.5640E-02
374.5,5.5227E-02
375.0,5.8930E-02
375.5,6.5162E-02
376.0,6.7480E-02
376.5,6.6390E-02
377.0,7.1225E-02
377.5,7.9455E-02
378.0,8.5595E-02
378.5,8.3418E-02
379.0,7.4389E-02
379.5,6.6683E-02
380.0,7.0077E-02
380.5,7.5075E-02
381.0,7.6383E-02
381.5,6.8837E-02
382.0,5.8678E-02
382.5,5.0762E-02
383.0,4.5499E-02
383.5,4.4049E-02
384.0,5.0968E-02
384.5,6.1359E-02
385.0,6.7355E-02
385.5,6.4363E-02
386.0,6.2100E-02
386.5,6.4570E-02
387.0,6.5147E-02
387.5,6.4204E-02
388.0,6.3582E-02
388.5,6.3136E-02
389.0,6.8543E-02
389.5,7.5970E-02
390.0,7.9699E-02
390.5,8.0371E-02
391.0,8.5138E-02
391.5,8.6344E-02
392.0,7.9493E-02
392.5,6.6257E-02
393.0,4.7975E-02
393.5,3.8152E-02
394.0,4.9567E-02
394.5,6.8385E-02
395.0,8.0772E-02
395.5,8.6038E-02
396.0,7.5655E-02
396.5,5.5017E-02
397.0,4.2619E-02
397.5,6.2945E-02
398.0,8.5249E-02
398.5,1.0069E-01
399.0,1.0693E-01
399.5,1.1021E-01
400.0,1.1141E-01
401.0,1.1603E-01
402.0,1.2061E-01
403.0,1.1613E-01
404.0,1.1801E-01
405.0,1.1511E-01
406.0,1.1227E-01
407.0,1.1026E-01
408.0,1.1514E-01
409.0,1.2299E-01
410.0,1.0485E-01
411.0,1.1738E-01
412.0,1.2478E-01
413.0,1.1971E-01
414.0,1.1842E-01
415.0,1.2258E-01
416.0,1.2624E-01
417.0,1.2312E-01
418.0,1.1777E-01
419.0,1.2258E-01
420.0,1.1232E-01
421.0,1.2757E-01
422.0,1.2583E-01
423.0,1.2184E-01
424.0,1.2117E-01
425.0,1.2488E-01
426.0,1.2135E-01
427.0,1.1724E-01
428.0,1.1839E-01
429.0,1.0963E-01
430.0,8.7462E-02
431.0,7.9394E-02
432.0,1.3207E-01
433.0,1.2288E-01
434.0,1.1352E-01
435.0,1.2452E-01
436.0,1.3659E-01
437.0,1.3943E-01
438.0,1.2238E-01
439.0,1.1775E-01
440.0,1.3499E-01
441.0,1.3313E-01
442.0,1.4250E-01
443.0,1.4453E-01
444.0,1.4084E-01
445.0,1.4619E-01
446.0,1.3108E-01
447.0,1.4903E-01
448.0,1.5081E-01
449.0,1.5045E-01
450.0,1.5595E-01
451.0,1.6173E-01
452.0,1.5482E-01
453.0,1.4297E-01
454.0,1.5335E-01
455.0,1.5224E-01
456.0,1.5724E-01
457.0,1.5854E-01
458.0,1.5514E-01
459.0,1.5391E-01
460.0,1.5291E-01
461.0,1.5827E-01
462.0,1.5975E-01
463.0,1.6031E-01
464.0,1.5544E-01
465.0,1.5350E-01
466.0,1.5673E-01
467.0,1.4973E-01
468.0,1.5619E-01
469.0,1.5682E-01
470.0,1.5077E-01
471.0,1.5331E-01
472.0,1.6126E-01
473.0,1.5499E-01
474.0,1.5671E-01
475.0,1.6185E-01
476.0,1.5631E-01
477.0,1.5724E-01
478.0,1.6230E-01
479.0,1.5916E-01
480.0,1.6181E-01
481.0,1.6177E-01
482.0,1.6236E-01
483.0,1.6038E-01
484.0,1.5734E-01
485.0,1.5683E-01
486.0,1.2716E-01
487.0,1.4241E-01
488.0,1.5413E-01
489.0,1.4519E-01
490.0,1.6224E-01
491.0,1.5595E-01
492.0,1.4869E-01
493.0,1.5903E-01
494.0,1.5525E-01
495.0,1.6485E-01
496.0,1.5676E-01
497.0,1.5944E-01
498.0,1.5509E-01
499.0,1.5507E-01
500.0,1.5451E-01
501.0,1.4978E-01
502.0,1.4966E-01
503.0,1.5653E-01
504.0,1.4587E-01
505.0,1.5635E-01
506.0,1.6264E-01
507.0,1.5560E-01
508.0,1.5165E-01
509.0,1.5893E-01
510.0,1.5481E-01
511.0,1.5769E-01
512.0,1.6186E-01
513.0,1.5206E-01
514.0,1.4885E-01
515.0,1.5314E-01
516.0,1.5455E-01
517.0,1.2594E-01
518.0,1.4403E-01
519.0,1.3957E-01
520.0,1.5236E-01
521.0,1.5346E-01
522.0,1.5690E-01
523.0,1.4789E-01
524.0,1.5905E-01
525.0,1.5781E-01
526.0,1.5341E-01
527.0,1.3417E-01
528.0,1.5357E-01
529.0,1.6071E-01
530.0,1.5446E-01
531.0,1.6292E-01
532.0,1.5998E-01
533.0,1.4286E-01
534.0,1.5302E-01
535.0,1.5535E-01
536.0,1.6199E-01
537.0,1.4989E-01
538.0,1.5738E-01
539.0,1.5352E-01
540.0,1.4825E-01
541.0,1.4251E-01
542.0,1.5511E-01
543.0,1.5256E-01
544.0,1.5792E-01
545.0,1.5435E-01
546.0,1.5291E-01
547.0,1.5490E-01
548.0,1.5049E-01
549.0,1.5520E-01
550.0,1.5399E-01
551.0,1.5382E-01
552.0,1.5697E-01
553.0,1.5250E-01
554.0,1.5549E-01
555.0,1.5634E-01
556.0,1.5366E-01
557.0,1.4988E-01
558.0,1.5310E-01
559.0,1.4483E-01
560.0,1.4740E-01
561.0,1.5595E-01
562.0,1.4847E-01
563.0,1.5408E-01
564.0,1.5106E-01
565.0,1.5201E-01
566.0,1.4374E-01
567.0,1.5320E-01
568.0,1.5180E-01
569.0,1.4807E-01
570.0,1.4816E-01
571.0,1.4331E-01
572.0,1.5134E-01
573.0,1.5198E-01
574.0,1.5119E-01
575.0,1.4777E-01
576.0,1.4654E-01
577.0,1.5023E-01
578.0,1.4560E-01
579.0,1.4770E-01
580.0,1.5020E-01
581.0,1.5089E-01
582.0,1.5320E-01
583.0,1.5479E-01
584.0,1.5448E-01
585.0,1.5324E-01
586.0,1.4953E-01
587.0,1.5281E-01
588.0,1.4934E-01
589.0,1.2894E-01
590.0,1.3709E-01
591.0,1.4662E-01
592.0,1.4354E-01
593.0,1.4561E-01
594.0,1.4491E-01
595.0,1.4308E-01
596.0,1.4745E-01
597.0,1.4788E-01
598.0,1.4607E-01
599.0,1.4606E-01
600.0,1.4753E-01
601.0,1.4579E-01
602.0,1.4360E-01
603.0,1.4664E-01
604.0,1.4921E-01
605.0,1.4895E-01
606.0,1.4822E-01
607.0,1.4911E-01
608.0,1.4862E-01
609.0,1.4749E-01
610.0,1.4686E-01
611.0,1.4611E-01
612.0,1.4831E-01
613.0,1.4621E-01
614.0,1.4176E-01
615.0,1.4697E-01
616.0,1.4310E-01
617.0,1.4128E-01
618.0,1.4664E-01
619.0,1.4733E-01
620.0,1.4739E-01
621.0,1.4802E-01
622.0,1.4269E-01
623.0,1.4165E-01
624.0,1.4118E-01
625.0,1.4026E-01
626.0,1.4012E-01
627.0,1.4417E-01
628.0,1.3631E-01
629.0,1.4114E-01
630.0,1.3924E-01
631.0,1.4161E-01
632.0,1.3638E-01
633.0,1.4508E-01
634.0,1.4284E-01
635.0,1.4458E-01
636.0,1.4128E-01
637.0,1.4610E-01
638.0,1.4707E-01
639.0,1.4646E-01
640.0,1.4340E-01
641.0,1.4348E-01
642.0,1.4376E-01
643.0,1.4525E-01
644.0,1.4462E-01
645.0,1.4567E-01
646.0,1.4150E-01
647.0,1.4086E-01
648.0,1.3952E-01
649.0,1.3519E-01
650.0,1.3594E-01
651.0,1.4447E-01
652.0,1.3871E-01
653.0,1.4311E-01
654.0,1.4153E-01
655.0,1.3499E-01
656.0,1.1851E-01
657.0,1.2393E-01
658.0,1.3855E-01
659.0,1.3905E-01
660.0,1.3992E-01
661.0,1.3933E-01
662.0,1.3819E-01
663.0,1.3844E-01
664.0,1.3967E-01
665.0,1.4214E-01
666.0,1.4203E-01
667.0,1.4102E-01
668.0,1.4150E-01
669.0,1.4394E-01
670.0,1.4196E-01
671.0,1.4169E-01
672.0,1.3972E-01
673.0,1.4094E-01
674.0,1.4074E-01
675.0,1.3958E-01
676.0,1.4120E-01
677.0,1.3991E-01
678.0,1.4066E-01
679.0,1.3947E-01
680.0,1.3969E-01
681.0,1.3915E-01
682.0,1.3981E-01
683.0,1.3830E-01
684.0,1.3739E-01
685.0,1.3748E-01
686.0,1.3438E-01
687.0,9.6824E-02
688.0,1.1206E-01
689.0,1.1278E-01
690.0,1.1821E-01
691.0,1.2333E-01
692.0,1.2689E-01
693.0,1.2609E-01
694.0,1.2464E-01
695.0,1.2714E-01
696.0,1.2684E-01
697.0,1.3403E-01
698.0,1.3192E-01
699.0,1.2918E-01
700.0,1.2823E-01
701.0,1.2659E-01
702.0,1.2674E-01
703.0,1.2747E-01
704.0,1.3078E-01
705.0,1.3214E-01
706.0,1.3144E-01
707.0,1.3090E-01
708.0,1.3048E-01
709.0,1.3095E-01
710.0,1.3175E-01
711.0,1.3155E-01
712.0,1.3071E-01
713.0,1.2918E-01
714.0,1.3029E-01
715.0,1.2587E-01
716.0,1.2716E-01
717.0,1.1071E-01
718.0,1.0296E-01
719.0,9.2318E-02
720.0,9.8550E-02
721.0,1.0861E-01
722.0,1.2407E-01
723.0,1.1444E-01
724.0,1.0555E-01
725.0,1.0380E-01
726.0,1.0813E-01
727.0,1.0850E-01
728.0,1.0400E-01
729.0,1.0466E-01
730.0,1.1285E-01
731.0,1.0703E-01
732.0,1.1534E-01
733.0,1.1962E-01
734.0,1.2357E-01
735.0,1.2178E-01
736.0,1.2059E-01
737.0,1.2039E-01
738.0,1.2269E-01
739.0,1.1905E-01
740.0,1.2195E-01
741.0,1.2148E-01
742.0,1.2153E-01
743.0,1.2405E-01
744.0,1.2503E-01
745.0,1.2497E-01
746.0,1.2470E-01
747.0,1.2477E-01
748.0,1.2401E-01
749.0,1.2357E-01
750.0,1.2341E-01
751.0,1.2286E-01
752.0,1.2330E-01
753.0,1.2266E-01
754.0,1.2420E-01
755.0,1.2383E-01
756.0,1.2232E-01
757.0,1.2221E-01
758.0,1.2295E-01
759.0,1.1945E-01
760.0,2.6604E-02
761.0,1.5396E-02
762.0,6.8766E-02
763.0,3.7952E-02
764.0,5.3878E-02
765.0,6.8601E-02
766.0,8.1461E-02
767.0,9.7417E-02
768.0,1.1138E-01
769.0,1.1278E-01
770.0,1.1608E-01
771.0,1.1686E-01
772.0,1.1778E-01
773.0,1.1771E-01
774.0,1.1771E-01
775.0,1.1771E-01
776.0,1.1798E-01
777.0,1.1727E-01
778.0,1.1713E-01
779.0,1.1765E-01
780.0,1.1636E-01
781.0,1.1607E-01
782.0,1.1662E-01
783.0,1.1614E-01
784.0,1.1536E-01
785.0,1.1586E-01
786.0,1.1592E-01
787.0,1.1450E-01
788.0,1.1305E-01
789.0,1.1257E-01
790.0,1.0910E-01
791.0,1.1058E-01
792.0,1.0953E-01
793.0,1.0875E-01
794.0,1.0972E-01
795.0,1.0932E-01
796.0,1.0742E-01
797.0,1.0913E-01
798.0,1.1121E-01
799.0,1.0905E-01
800.0,1.0725E-01
801.0,1.0843E-01
802.0,1.0856E-01
803.0,1.0657E-01
804.0,1.0782E-01
805.0,1.0545E-01
806.0,1.0974E-01
807.0,1.0859E-01
808.0,1.0821E-01
809.0,1.0548E-01
810.0,1.0559E-01
811.0,1.0533E-01
812.0,1.0268E-01
813.0,1.0086E-01
814.0,9.0356E-02
815.0,8.9523E-02
816.0,8.3216E-02
817.0,8.5183E-02
818.0,8.2259E-02
819.0,9.0519E-02
820.0,8.6188E-02
821.0,9.9764E-02
822.0,9.5157E-02
823.0,6.7271E-02
824.0,9.3506E-02
825.0,9.6935E-02
826.0,9.3381E-02
827.0,9.8465E-02
828.0,8.4979E-02
829.0,9.2930E-02
830.0,9.1601E-02
831.0,9.2392E-02
832.0,8.9426E-02
833.0,9.5650E-02
834.0,9.3412E-02
835.0,1.0032E-01
836.0,9.7234E-02
837.0,1.0092E-01
838.0,9.9901E-02
839.0,1.0013E-01
840.0,1.0157E-01
841.0,1.0101E-01
842.0,9.9703E-02
843.0,1.0053E-01
844.0,9.8631E-02
845.0,1.0165E-01
846.0,1.0187E-01
847.0,9.9170E-02
848.0,9.9217E-02
849.0,9.8596E-02
850.0,8.9372E-02
851.0,9.7493E-02
852.0,9.6927E-02
853.0,9.6486E-02
854.0,8.5112E-02
855.0,9.1300E-02
856.0,9.7317E-02
857.0,9.9166E-02
858.0,9.9196E-02
859.0,9.9171E-02
860.0,9.8816E-02
861.0,9.8679E-02
862.0,9.9449E-02
863.0,1.0005E-01
864.0,9.7916E-02
865.0,9.6324E-02
866.0,8.4900E-02
867.0,9.1546E-02
868.0,9.5920E-02
869.0,9.4956E-02
870.0,9.6755E-02
871.0,9.5387E-02
872.0,9.6686E-02
873.0,9.5721E-02
874.0,9.4042E-02
875.0,9.2687E-02
876.0,9.5277E-02
877.0,9.5615E-02
878.0,9.5237E-02
879.0,9.3656E-02
880.0,9.3957E-02
881.0,9.0861E-02
882.0,9.3245E-02
883.0,9.2927E-02
884.0,9.3305E-02
885.0,9.4423E-02
886.0,9.0752E-02
887.0,9.1062E-02
888.0,9.2228E-02
889.0,9.3455E-02
890.0,9.2393E-02
891.0,9.2584E-02
892.0,9.0881E-02
893.0,8.7327E-02
894.0,8.5130E-02
895.0,8.1357E-02
896.0,7.6253E-02
897.0,6.6566E-02
898.0,7.1780E-02
899.0,5.4871E-02
900.0,7.4260E-02
901.0,5.9933E-02
902.0,6.6791E-02
903.0,6.8889E-02
904.0,8.4457E-02
905.0,8.1709E-02
906.0,7.7558E-02
907.0,6.3854E-02
908.0,6.5217E-02
909.0,7.0431E-02
910.0,6.2467E-02
911.0,6.6808E-02
912.0,6.8893E-02
913.0,6.2834E-02
914.0,6.2649E-02
915.0,6.7836E-02
916.0,5.7646E-02
917.0,7.3017E-02
918.0,5.9271E-02
919.0,7.3877E-02
920.0,7.4414E-02
921.0,7.8049E-02
922.0,7.0026E-02
923.0,7.4504E-02
924.0,7.2150E-02
925.0,7.1110E-02
926.0,7.0331E-02
927.0,7.8742E-02
928.0,5.8968E-02
929.0,5.5127E-02
930.0,4.3210E-02
931.0,4.0921E-02
932.0,3.0086E-02
933.0,2.4841E-02
934.0,1.4380E-02
935.0,2.5084E-02
936.0,1.6142E-02
937.0,1.6338E-02
938.0,2.0058E-02
939.0,3.9887E-02
940.0,4.7181E-02
941.0,3.7195E-02
942.0,4.0532E-02
943.0,2.7834E-02
944.0,2.8579E-02
945.0,3.6821E-02
946.0,1.9461E-02
947.0,3.7112E-02
948.0,2.7423E-02
949.0,4.9396E-02
950.0,1.4726E-02
951.0,4.8378E-02
952.0,2.6891E-02
953.0,3.4362E-02
954.0,4.2411E-02
955.0,3.4117E-02
956.0,3.2821E-02
957.0,2.7067E-02
958.0,4.6101E-02
959.0,3.7385E-02
960.0,4.2066E-02
961.0,4.6120E-02
962.0,4.4174E-02
963.0,5.0503E-02
964.0,4.5860E-02
965.0,5.0374E-02
966.0,5.0275E-02
967.0,5.0240E-02
968.0,6.5210E-02
969.0,6.8622E-02
970.0,6.3461E-02
971.0,7.1397E-02
972.0,6.8765E-02
973.0,6.0648E-02
974.0,5.7529E-02
975.0,5.8987E-02
976.0,5.7191E-02
977.0,6.3864E-02
978.0,6.1509E-02
979.0,6.3815E-02
980.0,6.0468E-02
981.0,7.1338E-02
982.0,6.9218E-02
983.0,6.6865E-02
984.0,7.3732E-02
985.0,6.8817E-02
986.0,7.5083E-02
987.0,7.3928E-02
988.0,7.3462E-02
989.0,7.4906E-02
990.0,7.3227E-02
991.0,7.5358E-02
992.0,7.5102E-02
993.0,7.3728E-02
994.0,7.5410E-02
995.0,7.5176E-02
996.0,7.4884E-02
997.0,7.3971E-02
998.0,7.3887E-02
999.0,7.3857E-02
1000.0,7.3532E-02
1001.0,7.4442E-02
1002.0,7.2805E-02
1003.0,7.3442E-02
1004.0,7.2336E-02
1005.0,6.8174E-02
1006.0,7.1252E-02
1007.0,7.2753E-02
1008.0,7.2685E-02
1009.0,7.1972E-02
1010.0,7.1914E-02
1011.0,7.2278E-02
1012.0,7.1877E-02
1013.0,7.1761E-02
1014.0,7.2068E-02
1015.0,7.0817E-02
1016.0,7.1129E-02
1017.0,7.0337E-02
1018.0,7.1422E-02
1019.0,6.8878E-02
1020.0,6.9896E-02
1021.0,7.0175E-02
1022.0,6.8970E-02
1023.0,6.9508E-02
1024.0,6.9058E-02
1025.0,6.9753E-02
1026.0,6.9636E-02
1027.0,6.9305E-02
1028.0,6.9385E-02
1029.0,6.8628E-02
1030.0,6.9055E-02
1031.0,6.8736E-02
1032.0,6.8787E-02
1033.0,6.7613E-02
1034.0,6.8015E-02
1035.0,6.8234E-02
1036.0,6.8202E-02
1037.0,6.7497E-02
1038.0,6.7172E-02
1039.0,6.7636E-02
1040.0,6.7170E-02
1041.0,6.7176E-02
1042.0,6.7200E-02
1043.0,6.6525E-02
1044.0,6.6833E-02
1045.0,6.6452E-02
1046.0,6.4714E-02
1047.0,6.5694E-02
1048.0,6.6274E-02
1049.0,6.5896E-02
1050.0,6.5463E-02
1051.0,6.5521E-02
1052.0,6.5118E-02
1053.0,6.4919E-02
1054.0,6.4646E-02
1055.0,6.4847E-02
1056.0,6.4641E-02
1057.0,6.4482E-02
1058.0,6.3818E-02
1059.0,6.1875E-02
1060.0,6.3585E-02
1061.0,6.2121E-02
1062.0,6.3266E-02
1063.0,6.2239E-02
1064.0,6.3196E-02
1065.0,6.2913E-02
1066.0,6.1713E-02
1067.0,6.2032E-02
1068.0,6.1944E-02
1069.0,5.8626E-02
1070.0,6.0469E-02
1071.0,6.1661E-02
1072.0,6.1536E-02
1073.0,6.0363E-02
1074.0,6.2158E-02
1075.0,5.9252E-02
1076.0,6.1471E-02
1077.0,6.0434E-02
1078.0,6.0321E-02
1079.0,6.0474E-02
1080.0,5.9722E-02
1081.0,5.8083E-02
1082.0,5.8940E-02
1083.0,5.9814E-02
1084.0,5.7852E-02
1085.0,5.9330E-02
1086.0,5.5410E-02
1087.0,5.6697E-02
1088.0,5.9317E-02
1089.0,5.7919E-02
1090.0,5.5573E-02
1091.0,5.8835E-02
1092.0,5.8124E-02
1093.0,5.1058E-02
1094.0,5.3965E-02
1095.0,5.2067E-02
1096.0,5.0323E-02
1097.0,5.7852E-02
1098.0,5.0291E-02
1099.0,5.0772E-02
1100.0,4.8577E-02
1101.0,4.9696E-02
1102.0,4.6883E-02
1103.0,4.6637E-02
1104.0,4.6765E-02
1105.0,5.0644E-02
1106.0,3.9792E-02
1107.0,4.8304E-02
1108.0,4.1565E-02
1109.0,4.1278E-02
1110.0,4.7899E-02
1111.0,3.3154E-02
1112.0,4.1357E-02
1113.0,2.6850E-02
1114.0,2.9985E-02
1115.0,2.4987E-02
1116.0,2.0136E-02
1117.0,7.9618E-03
1118.0,2.1753E-02
1119.0,1.1317E-02
1120.0,1.4189E-02
1121.0,1.8586E-02
1122.0,8.1686E-03
1123.0,1.2817E-02
1124.0,1.0870E-02
1125.0,1.4428E-02
1126.0,5.1589E-03
1127.0,1.5725E-02
1128.0,9.9224E-03
1129.0,1.0591E-02
1130.0,7.0574E-03
1131.0,2.9560E-02
1132.0,2.3411E-02
1133.0,1.5331E-02
1134.0,4.1740E-03
1135.0,1.5462E-03
1136.0,1.2876E-02
1137.0,2.8785E-02
1138.0,2.0329E-02
1139.0,2.9850E-02
1140.0,2.5599E-02
1141.0,1.9337E-02
1142.0,2.2479E-02
1143.0,3.1183E-02
1144.0,1.1326E-02
1145.0,1.4604E-02
1146.0,1.5764E-02
1147.0,5.9176E-03
1148.0,2.7113E-02
1149.0,2.1854E-02
1150.0,1.2164E-02
1151.0,2.0340E-02
1152.0,2.4762E-02
1153.0,2.3812E-02
1154.0,1.4248E-02
1155.0,3.1316E-02
1156.0,2.8090E-02
1157.0,3.1458E-02
1158.0,3.1171E-02
1159.0,3.3693E-02
1160.0,2.8648E-02
1161.0,3.4753E-02
1162.0,3.5002E-02
1163.0,4.6857E-02
1164.0,4.0188E-02
1165.0,3.8860E-02
1166.0,3.7494E-02
1167.0,4.0996E-02
1168.0,4.1954E-02
1169.0,4.2310E-02
1170.0,4.5873E-02
1171.0,4.4831E-02
1172.0,4.5483E-02
1173.0,4.5642E-02
1174.0,3.3692E-02
1175.0,4.5240E-02
1176.0,4.7679E-02
1177.0,4.7235E-02
1178.0,3.6000E-02
1179.0,4.8371E-02
1180.0,4.4069E-02
1181.0,4.5514E-02
1182.0,3.2318E-02
1183.0,4.3870E-02
1184.0,4.1985E-02
1185.0,4.0741E-02
1186.0,4.7715E-02
1187.0,4.5575E-02
1188.0,3.3504E-02
1189.0,4.1569E-02
1190.0,4.6239E-02
1191.0,4.4660E-02
1192.0,4.7336E-02
1193.0,4.5434E-02
1194.0,4.6890E-02
1195.0,4.4696E-02
1196.0,4.3131E-02
1197.0,4.7715E-02
1198.0,4.3392E-02
1199.0,3.6489E-02
1200.0,4.4825E-02
1201.0,4.3708E-02
1202.0,4.3717E-02
1203.0,4.3409E-02
1204.0,3.6247E-02
1205.0,4.3692E-02
1206.0,4.8086E-02
1207.0,4.2986E-02
1208.0,4.3346E-02
1209.0,4.1428E-02
1210.0,4.5336E-02
1211.0,4.2232E-02
1212.0,4.2489E-02
1213.0,4.6956E-02
1214.0,4.3407E-02
1215.0,4.2780E-02
1216.0,4.6640E-02
1217.0,4.5528E-02
1218.0,4.5934E-02
1219.0,4.4663E-02
1220.0,4.5805E-02
1221.0,4.6531E-02
1222.0,4.5139E-02
1223.0,4.4406E-02
1224.0,4.4808E-02
1225.0,4.6236E-02
1226.0,4.6819E-02
1227.0,4.3304E-02
1228.0,4.6658E-02
1229.0,4.6721E-02
1230.0,4.6003E-02
1231.0,4.7203E-02
1232.0,4.6633E-02
1233.0,4.5397E-02
1234.0,4.7016E-02
1235.0,4.6504E-02
1236.0,4.6908E-02
1237.0,4.6339E-02
1238.0,4.6797E-02
1239.0,4.6272E-02
1240.0,4.6077E-02
1241.0,4.6197E-02
1242.0,4.6247E-02
1243.0,4.5754E-02
1244.0,4.5528E-02
1245.0,4.5655E-02
1246.0,4.5945E-02
1247.0,4.5746E-02
1248.0,4.5860E-02
1249.0,4.5966E-02
1250.0,4.5705E-02
1251.0,4.5258E-02
1252.0,4.5097E-02
1253.0,4.4773E-02
1254.0,4.4363E-02
1255.0,4.5070E-02
1256.0,4.4023E-02
1257.0,4.3532E-02
1258.0,4.4496E-02
1259.0,4.2725E-02
1260.0,4.3110E-02
1261.0,4.1146E-02
1262.0,3.9567E-02
1263.0,4.0019E-02
1264.0,3.7148E-02
1265.0,3.9570E-02
1266.0,3.8527E-02
1267.0,3.8822E-02
1268.0,3.7051E-02
1269.0,2.4652E-02
1270.0,3.8744E-02
1271.0,4.0825E-02
1272.0,4.0879E-02
1273.0,4.0625E-02
1274.0,4.0614E-02
1275.0,4.1233E-02
1276.0,4.1693E-02
1277.0,4.2001E-02
1278.0,4.2763E-02
1279.0,4.2456E-02
1280.0,4.2204E-02
1281.0,4.1335E-02
1282.0,3.7305E-02
1283.0,4.0733E-02
1284.0,4.2078E-02
1285.0,4.2399E-02
1286.0,4.2714E-02
1287.0,4.2213E-02
1288.0,4.1989E-02
1289.0,4.0936E-02
1290.0,4.1285E-02
1291.0,4.1786E-02
1292.0,3.9618E-02
1293.0,4.1257E-02
1294.0,4.0421E-02
1295.0,4.0514E-02
1296.0,3.8957E-02
1297.0,3.7130E-02
1298.0,3.9183E-02
1299.0,4.0852E-02
1300.0,3.5312E-02
1301.0,3.6228E-02
1302.0,3.9181E-02
1303.0,3.4621E-02
1304.0,3.0062E-02
1305.0,3.8382E-02
1306.0,3.8453E-02
1307.0,3.0594E-02
1308.0,3.4696E-02
1309.0,3.8413E-02
1310.0,3.0114E-02
1311.0,3.3366E-02
1312.0,3.3337E-02
1313.0,3.1352E-02
1314.0,2.8833E-02
1315.0,2.8581E-02
1316.0,3.2419E-02
1317.0,3.1217E-02
1318.0,3.3328E-02
1319.0,2.6855E-02
1320.0,2.5872E-02
1321.0,2.9866E-02
1322.0,3.0217E-02
1323.0,2.3279E-02
1324.0,2.6249E-02
1325.0,3.2224E-02
1326.0,2.8051E-02
1327.0,2.6625E-02
1328.0,2.3450E-02
1329.0,1.7759E-02
1330.0,2.2923E-02
1331.0,1.4480E-02
1332.0,1.4579E-02
1333.0,2.0304E-02
1334.0,1.6925E-02
1335.0,2.3117E-02
1336.0,1.8348E-02
1337.0,1.6454E-02
1338.0,1.7804E-02
1339.0,1.7681E-02
1340.0,1.6831E-02
1341.0,1.7039E-02
1342.0,1.7798E-02
1343.0,1.2711E-02
1344.0,7.5645E-03
1345.0,1.0904E-02
1346.0,5.8186E-03
1347.0,6.0119E-03
1348.0,4.7451E-04
1349.0,1.6159E-03
1350.0,1.6025E-03
1351.0,4.6298E-04
1352.0,1.5164E-04
1353.0,9.6096E-06
1354.0,2.9009E-05
1355.0,3.6034E-07
1356.0,4.8070E-06
1357.0,7.1786E-06
1358.0,4.1948E-07
1359.0,7.3439E-08
1360.0,2.1404E-07
1361.0,4.8133E-10
1362.0,1.8076E-12
1363.0,3.1563E-07
1364.0,1.3589E-07
1365.0,9.0764E-13
1366.0,1.2791E-06
1367.0,4.9764E-07
1368.0,1.4810E-14
1369.0,5.1667E-08
1370.0,2.9200E-08
1371.0,1.9731E-09
1372.0,2.7498E-07
1373.0,4.4401E-06
1374.0,1.7917E-05
1375.0,3.2332E-05
1376.0,2.5748E-05
1377.0,1.2270E-05
1378.0,1.1089E-04
1379.0,5.2164E-06
1380.0,8.1587E-06
1381.0,2.3716E-07
1382.0,2.5672E-07
1383.0,4.4017E-09
1384.0,6.1689E-08
1385.0,2.0899E-07
1386.0,2.5215E-07
1387.0,1.9896E-05
1388.0,4.0262E-07
1389.0,5.8098E-05
1390.0,4.9328E-05
1391.0,3.4384E-05
1392.0,2.3782E-06
1393.0,1.1586E-05
1394.0,7.5526E-06
1395.0,6.7136E-08
1396.0,6.3215E-10
1397.0,4.9057E-06
1398.0,1.2704E-04
1399.0,8.1226E-05
1400.0,3.2466E-10
1401.0,1.0528E-09
1402.0,1.8353E-04
1403.0,2.3800E-04
1404.0,7.3892E-05
1405.0,3.6444E-08
1406.0,2.0448E-04
1407.0,1.7457E-05
1408.0,1.6493E-04
1409.0,6.1919E-05
1410.0,4.6653E-05
1411.0,2.1142E-04
1412.0,2.6396E-04
1413.0,2.3353E-03
1414.0,3.6378E-05
1415.0,1.8366E-05
1416.0,3.5565E-03
1417.0,1.1759E-03
1418.0,1.3559E-03
1419.0,2.1442E-04
1420.0,8.2718E-04
1421.0,9.1637E-04
1422.0,4.6314E-03
1423.0,9.2198E-04
1424.0,1.6975E-03
1425.0,2.5850E-03
1426.0,2.7792E-03
1427.0,4.9546E-03
1428.0,4.5588E-04
1429.0,3.8020E-03
1430.0,6.1601E-03
1431.0,5.0156E-03
1432.0,2.5194E-04
1433.0,3.5834E-03
1434.0,2.0962E-03
1435.0,2.1416E-03
1436.0,3.8351E-03
1437.0,2.9880E-03
1438.0,1.3263E-03
1439.0,5.1039E-03
1440.0,3.9601E-03
1441.0,3.1800E-03
1442.0,3.6317E-03
1443.0,4.5063E-03
1444.0,6.1791E-03
1445.0,4.9751E-03
1446.0,2.3095E-03
1447.0,3.6215E-03
1448.0,1.1569E-02
1449.0,1.0213E-02
1450.0,2.7412E-03
1451.0,1.1271E-03
1452.0,6.2361E-03
1453.0,8.1978E-03
1454.0,1.3759E-02
1455.0,6.6150E-03
1456.0,8.8509E-03
1457.0,1.1700E-02
1458.0,1.3643E-02
1459.0,1.6307E-02
1460.0,8.5421E-03
1461.0,9.0276E-03
1462.0,1.3060E-02
1463.0,4.3225E-03
1464.0,1.5184E-02
1465.0,9.3383E-03
1466.0,6.5197E-03
1467.0,3.6054E-03
1468.0,7.6942E-03
1469.0,9.4845E-03
1470.0,4.9678E-03
1471.0,1.7848E-03
1472.0,4.6771E-03
1473.0,7.0198E-03
1474.0,9.7339E-03
1475.0,1.8463E-02
1476.0,6.8778E-03
1477.0,6.9736E-03
1478.0,6.3480E-03
1479.0,1.2001E-02
1480.0,6.0637E-03
1481.0,1.1529E-02
1482.0,5.8490E-03
1483.0,1.4859E-02
1484.0,1.3747E-02
1485.0,1.2503E-02
1486.0,1.2340E-02
1487.0,6.0629E-03
1488.0,9.4180E-03
1489.0,1.8973E-02
1490.0,1.7478E-02
1491.0,1.9778E-02
1492.0,1.6441E-02
1493.0,1.8157E-02
1494.0,2.0367E-02
1495.0,1.8253E-02
1496.0,1.6852E-02
1497.0,2.2850E-02
1498.0,1.8968E-02
1499.0,2.1759E-02
1500.0,2.5061E-02
1501.0,2.6552E-02
1502.0,2.3356E-02
1503.0,1.8493E-02
1504.0,1.6029E-02
1505.0,1.8402E-02
1506.0,2.5773E-02
1507.0,2.5514E-02
1508.0,2.4302E-02
1509.0,1.8690E-02
1510.0,2.7052E-02
1511.0,2.6474E-02
1512.0,2.6068E-02
1513.0,2.4239E-02
1514.0,2.2571E-02
1515.0,2.6573E-02
1516.0,2.5683E-02
1517.0,2.4929E-02
1518.0,2.5211E-02
1519.0,2.4437E-02
1520.0,2.6450E-02
1521.0,2.7505E-02
1522.0,2.6378E-02
1523.0,2.8004E-02
1524.0,2.7539E-02
1525.0,2.5884E-02
1526.0,2.6745E-02
1527.0,2.6220E-02
1528.0,2.7928E-02
1529.0,2.7244E-02
1530.0,2.5522E-02
1531.0,2.6973E-02
1532.0,2.7839E-02
1533.0,2.7714E-02
1534.0,2.6892E-02
1535.0,2.6686E-02
1536.0,2.7464E-02
1537.0,2.7336E-02
1538.0,2.7202E-02
1539.0,2.7295E-02
1540.0,2.6491E-02
1541.0,2.6904E-02
1542.0,2.6927E-02
1543.0,2.7208E-02
1544.0,2.7210E-02
1545.0,2.7705E-02
1546.0,2.7481E-02
1547.0,2.7309E-02
1548.0,2.6675E-02
1549.0,2.7342E-02
1550.0,2.6990E-02
1551.0,2.7058E-02
1552.0,2.7182E-02
1553.0,2.7132E-02
1554.0,2.6474E-02
1555.0,2.6759E-02
1556.0,2.6310E-02
1557.0,2.7062E-02
1558.0,2.6848E-02
1559.0,2.6808E-02
1560.0,2.6568E-02
1561.0,2.7002E-02
1562.0,2.6756E-02
1563.0,2.6667E-02
1564.0,2.6264E-02
1565.0,2.6728E-02
1566.0,2.6245E-02
1567.0,2.6308E-02
1568.0,2.5722E-02
1569.0,2.5452E-02
1570.0,2.4175E-02
1571.0,2.3507E-02
1572.0,2.3775E-02
1573.0,2.3407E-02
1574.0,2.4145E-02
1575.0,2.3974E-02
1576.0,2.4678E-02
1577.0,2.1602E-02
1578.0,2.3516E-02
1579.0,2.3672E-02
1580.0,2.4464E-02
1581.0,2.4870E-02
1582.0,2.4195E-02
1583.0,2.4755E-02
1584.0,2.4904E-02
1585.0,2.5874E-02
1586.0,2.5569E-02
1587.0,2.5303E-02
1588.0,2.5107E-02
1589.0,2.3233E-02
1590.0,2.4179E-02
1591.0,2.4197E-02
1592.0,2.5225E-02
1593.0,2.5833E-02
1594.0,2.5624E-02
1595.0,2.5823E-02
1596.0,2.4452E-02
1597.0,2.4692E-02
1598.0,2.5421E-02
1599.0,2.4202E-02
1600.0,2.3810E-02
1601.0,2.2323E-02
1602.0,2.2413E-02
1603.0,2.2397E-02
1604.0,2.2842E-02
1605.0,2.3683E-02
1606.0,2.4140E-02
1607.0,2.3296E-02
1608.0,2.2990E-02
1609.0,2.2727E-02
1610.0,2.1760E-02
1611.0,2.2680E-02
1612.0,2.3076E-02
1613.0,2.3719E-02
1614.0,2.3838E-02
1615.0,2.4104E-02
1616.0,2.3050E-02
1617.0,2.3465E-02
1618.0,2.4352E-02
1619.0,2.4100E-02
1620.0,2.3449E-02
1621.0,2.3430E-02
1622.0,2.3754E-02
1623.0,2.4246E-02
1624.0,2.4269E-02
1625.0,2.3782E-02
1626.0,2.3971E-02
1627.0,2.4078E-02
1628.0,2.4126E-02
1629.0,2.4137E-02
1630.0,2.3651E-02
1631.0,2.3806E-02
1632.0,2.3821E-02
1633.0,2.3267E-02
1634.0,2.3282E-02
1635.0,2.3367E-02
1636.0,2.3539E-02
1637.0,2.2700E-02
1638.0,2.2007E-02
1639.0,2.2026E-02
1640.0,2.1511E-02
1641.0,2.1960E-02
1642.0,2.2082E-02
1643.0,2.1535E-02
1644.0,2.2355E-02
1645.0,2.1822E-02
1646.0,2.1749E-02
1647.0,2.2768E-02
1648.0,2.1655E-02
1649.0,2.1867E-02
1650.0,2.2526E-02
1651.0,2.0855E-02
1652.0,2.2373E-02
1653.0,2.2277E-02
1654.0,2.1583E-02
1655.0,2.2231E-02
1656.0,2.2101E-02
1657.0,2.2223E-02
1658.0,2.2487E-02
1659.0,2.2120E-02
1660.0,2.2332E-02
1661.0,2.2384E-02
1662.0,2.1908E-02
1663.0,2.2235E-02
1664.0,2.2098E-02
1665.0,2.1178E-02
1666.0,1.7884E-02
1667.0,2.1068E-02
1668.0,2.1459E-02
1669.0,2.1516E-02
1670.0,2.2168E-02
1671.0,2.1879E-02
1672.0,2.1147E-02
1673.0,2.1629E-02
1674.0,2.1575E-02
1675.0,2.1360E-02
1676.0,2.1145E-02
1677.0,2.1229E-02
1678.0,2.0915E-02
1679.0,2.1303E-02
1680.0,2.0558E-02
1681.0,1.9447E-02
1682.0,2.0366E-02
1683.0,2.0906E-02
1684.0,1.9797E-02
1685.0,2.1321E-02
1686.0,2.1026E-02
1687.0,2.0484E-02
1688.0,2.1013E-02
1689.0,2.0718E-02
1690.0,2.0523E-02
1691.0,1.9303E-02
1692.0,2.0708E-02
1693.0,2.1134E-02
1694.0,2.0477E-02
1695.0,2.0968E-02
1696.0,2.0922E-02
1697.0,1.8107E-02
1698.0,2.0739E-02
1699.0,2.0551E-02
1700.0,1.9975E-02
1702.0,2.0396E-02
1705.0,1.9778E-02
1710.0,1.8790E-02
1715.0,1.8965E-02
1720.0,1.8698E-02
1725.0,1.7808E-02
1730.0,1.7407E-02
1735.0,1.6154E-02
1740.0,1.6818E-02
1745.0,1.5481E-02
1750.0,1.6566E-02
1755.0,1.5301E-02
1760.0,1.5998E-02
1765.0,1.3284E-02
1770.0,1.4172E-02
1775.0,1.1484E-02
1780.0,1.0050E-02
1785.0,7.6981E-03
1790.0,8.8904E-03
1795.0,4.6931E-03
1800.0,3.1828E-03
1805.0,1.4815E-03
1810.0,9.6911E-04
1815.0,3.2816E-04
1820.0,9.8755E-05
1825.0,1.2744E-04
1830.0,5.2041E-07
1835.0,6.4190E-07
1840.0,6.2703E-09
1845.0,6.2658E-07
1850.0,2.9993E-07
1855.0,2.8396E-08
1860.0,1.1151E-06
1865.0,1.6982E-06
1870.0,2.6662E-11
1875.0,4.5130E-11
1880.0,7.7505E-06
1885.0,4.3890E-06
1890.0,2.2333E-05
1895.0,1.2947E-05
1900.0,8.6221E-08
1905.0,5.6667E-08
1910.0,2.3045E-06
1915.0,1.9947E-06
1920.0,4.5069E-05
1925.0,9.3615E-05
1930.0,5.5242E-05
1935.0,3.5935E-04
1940.0,3.2821E-04
1945.0,1.0863E-03
1950.0,1.6727E-03
1955.0,1.0036E-03
1960.0,2.1906E-03
1965.0,2.8563E-03
1970.0,4.8847E-03
1975.0,6.7857E-03
1980.0,7.5512E-03
1985.0,8.3063E-03
1990.0,8.5613E-03
1995.0,8.1190E-03
2000.0,3.8156E-03
2005.0,1.5001E-03
2010.0,3.9748E-03
2015.0,2.6648E-03
2020.0,4.4981E-03
2025.0,7.4010E-03
2030.0,8.4856E-03
2035.0,9.6386E-03
2040.0,8.9781E-03
2045.0,9.1074E-03
2050.0,6.7927E-03
2055.0,5.4906E-03
2060.0,6.9193E-03
2065.0,6.1875E-03
2070.0,6.5676E-03
2075.0,7.7443E-03
2080.0,8.6812E-03
2085.0,8.5102E-03
2090.0,8.9100E-03
2095.0,8.9747E-03
2100.0,8.6133E-03
2105.0,9.3153E-03
2110.0,8.9654E-03
2115.0,9.1673E-03
2120.0,8.7588E-03
2125.0,8.8632E-03
2130.0,8.9774E-03
2135.0,9.0044E-03
2140.0,9.0767E-03
2145.0,8.9486E-03
2150.0,8.4639E-03
2155.0,8.4840E-03
2160.0,8.4170E-03
2165.0,7.6310E-03
2170.0,8.1996E-03
2175.0,8.0448E-03
2180.0,8.1808E-03
2185.0,7.4550E-03
2190.0,7.9068E-03
2195.0,7.8992E-03
2200.0,7.1202E-03
2205.0,7.4010E-03
2210.0,7.9315E-03
2215.0,7.6273E-03
2220.0,7.7730E-03
2225.0,7.5453E-03
2230.0,7.5773E-03
2235.0,7.4299E-03
2240.0,7.3118E-03
2245.0,7.0838E-03
2250.0,7.1937E-03
2255.0,6.7690E-03
2260.0,6.6929E-03
2265.0,6.8137E-03
2270.0,6.4867E-03
2275.0,6.4021E-03
2280.0,6.6288E-03
2285.0,6.3080E-03
2290.0,6.3220E-03
2295.0,6.1265E-03
2300.0,5.8824E-03
2305.0,5.9171E-03
2310.0,6.3870E-03
2315.0,5.8141E-03
2320.0,5.2031E-03
2325.0,5.6215E-03
2330.0,5.6824E-03
2335.0,5.7967E-03
2340.0,4.5836E-03
2345.0,5.1400E-03
2350.0,4.1536E-03
2355.0,4.7473E-03
2360.0,5.0237E-03
2365.0,4.9409E-03
2370.0,3.0817E-03
2375.0,4.4147E-03
2380.0,4.2552E-03
2385.0,3.0826E-03
2390.0,3.7109E-03
2395.0,4.0594E-03
2400.0,4.4150E-03
2405.0,3.3599E-03
2410.0,3.3813E-03
2415.0,2.7300E-03
2420.0,2.6590E-03
2425.0,3.3078E-03
2430.0,4.5099E-03
2435.0,1.4878E-03
2440.0,4.3249E-03
2445.0,2.0798E-03
2450.0,1.3611E-03
2455.0,2.4853E-03
2460.0,3.3363E-03
2465.0,2.4148E-03
2470.0,1.6727E-03
2475.0,1.6455E-03
2480.0,8.0395E-04
2485.0,5.6102E-04
2490.0,3.5113E-04
2495.0,2.8772E-04
2500.0,7.0642E-04
2505.0,1.5191E-04
2510.0,2.2163E-04
2515.0,5.1880E-05
2520.0,3.7054E-05
2525.0,4.1393E-06
2530.0,6.3593E-08
2535.0,1.7502E-08
2540.0,3.7716E-08
2545.0,5.3758E-12
2550.0,2.8222E-14
2555.0,1.0435E-10
2560.0,3.1020E-12
2565.0,1.5955E-15
2570.0,1.5258E-19
2575.0,1.0786E-28
2580.0,3.8214E-23
2585.0,1.7194E-35
2590.0,5.4793E-32
2595.0,2.2838E-34
2600.0,4.4912E-29
2605.0,5.8053E-36
2610.0,5.9447E-35
2615.0,1.1196E-38
2620.0,5.6505E-30
2625.0,3.8687E-29
2630.0,2.8026E-46
2635.0,3.9027E-17
2640.0,1.1750E-17
2645.0,8.9988E-20
2650.0,1.4295E-20
2655.0,1.3133E-28
2660.0,2.6068E-26
2665.0,1.1123E-38
2670.0,0.0000E+00
2675.0,0.0000E+00
2680.0,0.0000E+00
2685.0,0.0000E+00
2690.0,1.0226E-30
2695.0,7.1284E-34
2700.0,0.0000E+00
2705.0,2.9315E-43
2710.0,1.1250E-36
2715.0,3.8557E-27
2720.0,5.6052E-46
2725.0,7.2935E-23
2730.0,6.0734E-20
2735.0,5.4888E-22
2740.0,2.3314E-28
2745.0,1.3146E-24
2750.0,1.6648E-29
2755.0,6.7262E-45
2760.0,0.0000E+00
2765.0,2.6777E-28
2770.0,8.3791E-25
2775.0,3.9990E-39
2780.0,4.8067E-35
2785.0,3.8866E-28
2790.0,1.2170E-17
2795.0,3.6205E-17
2800.0,1.6484E-13
2805.0,6.7478E-15
2810.0,4.0233E-11
2815.0,2.8685E-11
2820.0,2.0548E-12
2825.0,1.7605E-08
2830.0,3.9008E-07
2835.0,2.1276E-11
2840.0,1.9609E-08
2845.0,4.0575E-06
2850.0,1.1566E-07
2855.0,4.4867E-08
2860.0,2.5356E-06
2865.0,1.6763E-05
2870.0,6.3129E-07
2875.0,3.9170E-05
2880.0,2.4724E-05
2885.0,4.5332E-05
2890.0,1.8623E-05
2895.0,2.6643E-04
2900.0,8.1152E-05
2905.0,1.1096E-05
2910.0,2.7220E-04
2915.0,1.2581E-04
2920.0,2.8948E-04
2925.0,1.0835E-04
2930.0,5.8858E-04
2935.0,6.4903E-04
2940.0,1.6273E-04
2945.0,1.4489E-04
2950.0,5.2276E-04
2955.0,2.3361E-04
2960.0,4.5971E-04
2965.0,7.4379E-04
2970.0,3.5233E-05
2975.0,8.5429E-05
2980.0,1.3381E-04
2985.0,6.9628E-04
2990.0,1.0280E-03
2995.0,4.2755E-04
3000.0,7.8472E-04
3005.0,2.8906E-04
3010.0,6.8479E-04
3015.0,5.5551E-04
3020.0,6.3369E-05
3025.0,7.5031E-04
3030.0,6.0753E-04
3035.0,2.4986E-04
3040.0,2.0242E-04
3045.0,4.2090E-04
3050.0,1.0321E-04
3055.0,2.8947E-05
3060.0,6.3012E-04
3065.0,2.9113E-04
3070.0,1.7492E-04
3075.0,6.0221E-04
3080.0,3.6224E-04
3085.0,1.7671E-04
3090.0,2.3805E-04
3095.0,6.5510E-05
3100.0,4.4010E-04
3105.0,9.2155E-05
3110.0,8.4569E-05
3115.0,2.2677E-04
3120.0,9.8197E-04
3125.0,3.0289E-04
3130.0,5.7614E-04
3135.0,1.1446E-03
3140.0,3.3241E-04
3145.0,3.2517E-04
3150.0,6.6744E-04
3155.0,5.6366E-04
3160.0,9.2320E-04
3165.0,1.4017E-03
3170.0,1.2516E-03
3175.0,9.2302E-04
3180.0,1.0621E-03
3185.0,8.0823E-04
3190.0,4.2388E-04
3195.0,2.6927E-04
3200.0,4.3843E-05
3205.0,3.0973E-05
3210.0,1.3634E-05
3215.0,4.9752E-05
3220.0,1.6089E-04
3225.0,1.9875E-05
3230.0,3.4080E-05
3235.0,7.2940E-04
3240.0,3.7464E-04
3245.0,7.3409E-05
3250.0,2.6067E-04
3255.0,9.9378E-04
3260.0,1.2248E-04
3265.0,2.4465E-04
3270.0,1.2186E-04
3275.0,5.9265E-04
3280.0,2.8644E-04
3285.0,1.1128E-03
3290.0,8.7571E-04
3295.0,1.2234E-04
3300.0,1.7794E-04
3305.0,3.9416E-04
3310.0,3.9235E-04
3315.0,1.6133E-06
3320.0,5.9987E-06
3325.0,3.5187E-04
3330.0,4.6616E-04
3335.0,9.0694E-04
3340.0,3.4602E-04
3345.0,3.5408E-04
3350.0,8.0277E-04
3355.0,3.6308E-04
3360.0,5.2402E-04
3365.0,7.1907E-04
3370.0,3.9389E-04
3375.0,8.4560E-04
3380.0,5.1115E-04
3385.0,7.4896E-04
3390.0,9.8552E-04
3395.0,9.5465E-04
3400.0,1.2509E-03
3405.0,4.4594E-04
3410.0,7.0802E-04
3415.0,7.2774E-04
3420.0,1.3165E-03
3425.0,1.0006E-03
3430.0,8.6892E-04
3435.0,1.1553E-03
3440.0,8.0348E-04
3445.0,1.1318E-03
3450.0,1.1153E-03
3455.0,8.3089E-04
3460.0,1.2530E-03
3465.0,9.8179E-04
3470.0,1.2264E-03
3475.0,1.0943E-03
3480.0,1.1224E-03
3485.0,1.2094E-03
3490.0,1.0419E-03
3495.0,1.2265E-03
3500.0,1.1917E-03
3505.0,1.1809E-03
3510.0,1.1963E-03
3515.0,1.1494E-03
3520.0,1.2122E-03
3525.0,1.1428E-03
3530.0,1.1127E-03
3535.0,9.4556E-04
3540.0,9.0310E-04
3545.0,9.5432E-04
3550.0,1.0538E-03
3555.0,9.0581E-04
3560.0,1.0795E-03
3565.0,1.0851E-03
3570.0,8.3376E-04
3575.0,8.6444E-04
3580.0,1.0187E-03
3585.0,9.1671E-04
3590.0,9.4523E-04
3595.0,9.6700E-04
3600.0,1.0262E-03
3605.0,1.0359E-03
3610.0,9.4787E-04
3615.0,9.4726E-04
3620.0,1.1614E-03
3625.0,1.0239E-03
3630.0,9.9550E-04
3635.0,1.0299E-03
3640.0,1.1480E-03
3645.0,1.0599E-03
3650.0,1.0123E-03
3655.0,1.0978E-03
3660.0,1.0914E-03
3665.0,1.0253E-03
3670.0,7.9003E-04
3675.0,4.8286E-04
3680.0,8.3312E-04
3685.0,9.4380E-04
3690.0,9.6922E-04
3695.0,1.0132E-03
3700.0,1.0878E-03
3705.0,1.0770E-03
3710.0,9.3640E-04
3715.0,9.2254E-04
3720.0,1.0376E-03
3725.0,1.0698E-03
3730.0,9.2707E-04
3735.0,8.5837E-04
3740.0,8.8494E-04
3745.0,1.0331E-03
3750.0,9.2903E-04
3755.0,8.9918E-04
3760.0,8.8633E-04
3765.0,8.5502E-04
3770.0,9.1243E-04
3775.0,9.0521E-04
3780.0,9.5746E-04
3785.0,8.8123E-04
3790.0,7.7564E-04
3795.0,8.8692E-04
3800.0,9.8592E-04
3805.0,9.3049E-04
3810.0,8.2451E-04
3815.0,7.7569E-04
3820.0,9.6550E-04
3825.0,9.5056E-04
3830.0,9.5925E-04
3835.0,7.6916E-04
3840.0,8.9756E-04
3845.0,8.7801E-04
3850.0,8.8274E-04
3855.0,8.5085E-04
3860.0,7.9940E-04
3865.0,8.0989E-04
3870.0,7.3604E-04
3875.0,6.7620E-04
3880.0,6.5340E-04
3885.0,6.7717E-04
3890.0,6.8818E-04
3895.0,7.4760E-04
3900.0,7.9254E-04
3905.0,7.9269E-04
3910.0,7.1353E-04
3915.0,6.9868E-04
3920.0,6.9466E-04
3925.0,6.8520E-04
3930.0,7.0502E-04
3935.0,7.3541E-04
3940.0,7.4027E-04
3945.0,7.5412E-04
3950.0,7.6277E-04
3955.0,7.7199E-04
3960.0,7.7482E-04
3965.0,7.8057E-04
3970.0,7.6806E-04
3975.0,7.5097E-04
3980.0,7.3872E-04
3985.0,7.4327E-04
3990.0,7.3723E-04
3995.0,7.2100E-04
4000.0,7.1043E-04